대분류,소분류,질의 내용,답변,,,,,
제품관련,취급방법 및 효과,bpm정보가 없네요? bpm정보 부탁드립니다,"안녕하세요 고객님~ 원씽입니다. 해당제품의 병풀추출물 함량 ppm 을 문의해주신걸까요?? (혹여 다른 의미의 문의였다면, 추가 글 남겨주시는대로 확인 후 회신드리겠습니다) 병풀 추출물은 약 95% 처방되어있으며, 950,000ppm 입니다. 다른 궁금하신 부분이 있다면 언제든 편하게 메시지 남겨주세요. 감사합니다.",,,,,
제품관련,취급방법 및 효과,안녕하세요.. 병풀추출물과 어성초 제품 구매해서 사용 중인데요.. 효과는 잘 모르겠습니다..정확한 사용을 위해 이제품들의 각각 추출물 농도가 몇%인가요? 다시말하자면 병풀 추출물로 몇%함량을 가지고 있는지 어성초 추출물로 몇% 함량인지? 궁금합니다. 용매를 가지고 추출을 시키는데 100ml를 가지고 추출 시켰다고 이추출물이 병풀추출물로 100% 함량이라고는 얘기하지 않습니다.. 정확한 함량 알려주시면 감사하겠습니다. 그래야 섞어 사용 할때 최대 최소 용량을 써서 부작용 없이 효과를 확인하며 사용 할 수 있을것 같습니다. ,"안녕하세요 고객님~ 원씽입니다. 원씽추출물은 한가지 원물(인진쑥, 병풀, 어성초 등 단일원물)만을 사용하여 추출하고, 이후 정제수로 희석하지 않은 100% 추출물입니다. 전성분에 정제수를 표기한건 추출시 용매로서 정제수를 사용했다는 의미이고, 제조사마다 용매를 별도 전성분에 표기하기도 하고, 기재하지 않는 곳도 있습니다. (예를 들면, 병풀 추출물 자체에 용매로서 정제수를 사용했다는 의미가 포함되어있기 때문입니다) 추출 후 안전한 유통, 보관을 위해 천연보습/방부역할을 해주는 1,2-헥산다이올 과 부틸렌글라이콜이 첨가되었으며, 원씽은 제조시 사용된 전성분표기를 원칙으로 하고있는데, 천연보존제를 포함해 100%라고 한다면, 병풀 추출물만의 함량은 전체의 약 95~98%정도로 보시면 됩니다. 어성초추출물 역시 같은 함량입니다. 원씽의 모든 추출물은 ewg그린등급으로 피부무자극 테스트가 완료되어 패치테스트후 민감도가 없을 경우 단독 사용이 가능합니다. ( 성분 확인 및 패치테스트 후 민감도가 없다면 단독 사용(스킨이나 토너, 미스트, 스킨팩으로의 활용)이 가능하며, 첨가,배합 활용도 괜찮습니다.) 추출물 자체만으로 화장수로 사용이 가능한 성분, 함량이므로 다양하게 활용해주세요 피부컨디션에 따라 도움이 되는 정도가 달라 활용하는 방법도 다양해질수 있으므로, 패치테스트 후 맞춤 사용 권장해드리며, 사용중에라도 다른 궁금하신 부분이 있다면 언제든지 편하게 메시지 남겨주세요. 감사합니다 :)",,,,,
제품관련,취급방법 및 효과,원씽에서 판매하는 추출물은 혹시 일본산 원료가 함유되어 있나요? 방부제 같은 성분들도 포함입니다.,"안녕하세요 고객님~ 원씽입니다 ^^ 상세페이지에도 기재를 하고 있지만 (COA 및 origin), 표기된바와 같이 카렌듈라, 호호바, 티트리를 제외한 원물은 모두 국내산이며 국내제조(호호바, 티트리 오일 제외)로 이루어지고 있습니다. 원씽에서 제조되는 제품들은 원물 뿐만 아니라 처방되는 첨가제 역시 염려하시는 일본산원료는 선택되지 않았으며, 병풀추출물도 마찬가지입니다. 참고로, 원씽 전제품은 고객님들께 좋은 제품으로 안전하고 편안한 사용을 위해 제조연구소와 함께 제품개발을 별도로 진행하고 있으며, 제품 개발 당시 모든 성분의 원산지, 추출 부위 등 엄격한 사전검수를 통해 선택하고 있으므로 혹시라도 궁금하신 부분이 있다면 언제든지 편하게 메시지 남겨주세요. 맞춤, 안심 사용될수있도록 신속한 안내 도와드리겠습니다. 감사합니다 :)",,,,,
제품관련,취급방법 및 효과,안녕하세요. 병풀 원료함량이 어떻게 되나요? 고형분 함량이 궁금해요.,"안녕하세요 고객님~ 원씽입니다. 휴일 잘 보내셨어요? 원씽 추출물은 농축액을 희석한 제품이 아니라 식음료처럼 1, 2차 용기 및 상세페이지 등에 고형분으로의 표기는 하지 않았습니다. 정제수를 용매로 사용하여 제조하고, 원물마다 특성이 다르기 때문에 추출방법 뿐만 아니라 사용되는 원물의 양에도 차이가 있으나, 스킨케어에 도움이 될수있도록 타사에 비해 높은 함량의 원물이 사용됩니다. 참고로,  추출 후 정제수로의 별도 희석의 과정이 없는 100% 병풀 추출물이며, 안전한 유통 보관을 위해 최소한의 보존제역할을 하는 1,2-헥산다이올, 부틸렌글라이콜이 처방되었습니다(전성분 표기) 보존제를 포함해 100%라고 한다면 병풀 추출물만의 함량은 약 95~98%정도 되며, 추출시 병풀 원물은 20~30% 사용됩니다. 다른 궁금하신 부분이 있다면 언제든지 메시지 남겨주시구요. 건강챙기는 하루 되세요. 감사합니다",,,,,
제품관련,취급방법 및 효과,병풀추출물이요 정제수없는100%원액인가요? 몇%인가요?,"안녕하세요 고객님~ 원씽입니다. 원씽은 제품 선택에 있어서 피부컨디션에 맞춰 작은 성분까지 체크하실수 있도록 전성분 표기를 원칙으로 하고 있습니다. 국내산 병풀 단일원물만을 사용하여 추출하고, 이후 정제수로 희석하지 않은 100% 추출물입니다. 추출 후 안전한 유통, 보관을 위해 천연보습/방부역할을 해주는 1,2-헥산다이올 과 부틸렌글라이콜이 첨가되었으며, 천연보존제를 제외한 병풀 추출물만의 함량은 약 95~98%정도 됩니다. 관심가지고 문의해주셔서 감사드립니다. 편안한 저녁 되세요:)",,,,,
제품관련,취급방법 및 효과,"첫 구매하려고합니다. 스킨+크림에 섞어 쓰는 말그대로 '원액' 이라는 거죠 ? 주로 에센스로 쓰던 것이 필요가 없겠네요 제 개념이 맞나요? 사용하던 토너, 크림에 10:1 혹은 개인에 맞게 쓰면 되는거고요 40% 할인은 계속 진행하는건지 기한 있는건지, 궁금합니다.","안녕하세요 고객님~ 원씽입니다. 원씽의 모든 추출물은 ewg그린등급으로 피부무자극 테스트가 완료되어 성분 확인 및 패치테스트 후 민감도가 없을 경우 단독 사용이 가능하며, 첨가,배합 활용도 괜찮습니다. --> 단독 또는 배합한추출물은 스킨,토너,미스트,스킨팩 등 다양하게 활용가능합니다. 추출물 자체만으로 화장수로 사용이 가능한 성분, 함량이므로 다양하게 활용해주세요 추출물간의 배합은 2종~3,4종 배합 모두 괜찮으며, DIY특성상 배합비율이 정해져 있지 않고 피부컨디션, 사용감에 따라 조절, 자유롭게 배합해 주세요~ 단독or 배합한 추출물-> 기존사용하시던 화장품 (토너,크림 등) 에 첨가,배합활용 하실 수 있습니다. 크림에는 사용감이 묽어질 수 있어 10%정도 첨가권해 드리지만 고객님 피부컨디션과 사용감 고려하여 첨가량 조절해주세요^^ 40%할인은 당분간 계속 진행할 예정입니다, ^^ 천연원물로만 추출한 제품이라 할지라도 고객님의 피부컨디션에 따라 민감도를 보일 수 있어 사용전 꼭 모든제품은 패치테스트를 해주세요~ 피부컨디션에 따라 도움이 되는 정도가 달라 활용하는 방법도 다양해질수 있으므로, 맞춤 사용 권장해드리며, 사용중에라도 다른 궁금하신 부분이 있다면 언제든지 편하게 메시지 남겨주세요. 감사합니다 :)",,,,,
제품관련,취급방법 및 효과,추출방식이 궁금합니다.,"안녕하세요. 고객님~ 원씽입니다. 어성초 추출물의 경우 국내산 어성초 원물만을 사용하여 '저온고압열수추출법'으로 제조되고 있습니다. 천연원물을 직접 사용하여 추출시 열수추출을 많이 활용하고 있으며(제조사마다 고유의 방법으로 제조하는 것으로 알고있습니다), 특히 원씽 추출물은 인진쑥, 병풀, 어성초 등의 성분을 그대로 전달하기 위해 제조사의 고유제조/공정작업을 통해 원물의 특성을 최대한 살려 추출하고 있습니다. 다른 궁금하신 부분이 있다면 언제든 편하게 문의 남겨주세요. 감사합니다. :)",,,,,
제품관련,취급방법 및 효과,어성초 함유량이 몇프로인가여? 기존에 썻었던 100%원액이랑 냄새가 틀리네요,"안녕하세요 고객님~ 원씽입니다. 해당제품의 경우 전성분에 표기된바와 같이 어성초 추출물 95%, 부틸렌글라이콜+1,2-헥산다이올 5% 로 처방되었으며, 원물을 사용하는 특성상 특이취가 존재하게 됩니다. 원물의 컨디션, 사용당시의 온습도에따라서도 약간의 차이가 있을수 있으나 처방전은 변경되지 않은 부분 참고부탁드리겠습니다. 사용중에라도 궁금하신 부분이 있다면 언제든 편하게 메시지 남겨주세요. 감사합니다 :)",,,,,
제품관련,취급방법 및 효과,병풀 추출물이 함량이 얼마나 들어있나요?? 여드름이나 좁쌀 여드름에 좋은 성분이 병풀인가요? 아니면 어성초 추출물있나요?,"안녕하세요 고객님~ 원씽입니다. 원씽은 제품 선택에 있어서 피부컨디션에 맞춰 작은 성분까지 체크하실수 있도록 전성분 표기를 원칙으로 하고 있습니다. 국내산 병풀 단일원물만을 사용하여 추출하고, 이후 정제수로 희석하지 않은 100% 추출물입니다. 추출 후 안전한 유통, 보관을 위해 천연보습/방부역할을 해주는 1,2-헥산다이올 과 부틸렌글라이콜이 첨가되었으며, 천연보존제를 제외한 병풀 추출물만의 함량은 약 95~98%정도 됩니다. ^^ *원물의 특성을 고려해 메모해주신 피부컨디션에 맞춤사용될수 있도록 안내도와드리고 있지만, 피부컨디션에 따라 도움이 되는 정도가 다를 수 있으므로 해당제품은 의약품이 아닌 스킨케어로의 활용을 권장해드려요 ^^ 1. 화*성트러블이 주로 - 노폐물 배출에 도움이 되는 어성초 + 항염, 항균에 도움이 되는 청귤 or카렌듈라 추출물의 배합 사용 (염증성일경우 스팟케어로 티트리오일- 트*블 국소부위에 극소량 사용) 2. 좁쌀, 뾰루지 - 병풀 추출물 + 청귤or카렌듈라 추출물의 배합 활용 추천(항균,항염) 좁쌀, 붉은트러블, - 인진쑥 추출물 + 청귤 or카렌듈라의 배합활용 추첨 (항균,항염) 3. 여*름 자국으로 인한 색소침착 - 병풀 추출물 4. 트*블 피부의 세안용제품- 어성초 티트리 천연비누 제품들이 단일성분에 집중해 개발, 제조되어서 전체적인 피부진정케어에는 도움이 되지만, 피부 컨디션에 따라 도움이 되는 정도의 차이는 개인차가 큰편입니다. 따라서 해당제품은 의약품이 아닌 스킨케어로의 활용을 권장해드리는 부분 꼭 참고해주시구요. 원물의 특성, 원하시는 케어 혹은 피부컨디션에 맞춤 사용될수 있도록 선택 부탁드리겠습니다. (사용전 반드시, 패치테스트 후 국소적인 사용감 확인해주세요) 다른 궁금하신 부분 있다면 언제든 메세지 남겨주세요~ 감사합니다:)",,,,,
제품관련,취급방법 및 효과,전성분이 안나와있는데 전성분이 어떻게 되나요?,"안녕하세요 고객님~ 원씽입니다 ^^ 어성초 추출물의 전성분은 어성초 추출물(어성초+정제수), 1,2-헥산디올, 부틸렌글라이콜입니다. 원씽은 전제품 전성분 공개를 원칙으로 하고, 제품 출고시 설명서, 스티커 등에도 모두 기재하고 있습니다. MSDS, CoA, 원산지 증명서 등 전달해드리고 있는데, 궁금하신 부분이 있다면 언제든지 편하게 연락주세요. 관심가지고 문의해주셔서 감사드립니다 행복한 하루 되세요 :)",,,,,
제품관련,취급방법 및 효과,원물 비율이 궁금합니다! 쑥은 25%내외라고 Q&A에서 확인했는데 요건 어느정도 될까요? 정제수와 혼합하여 추출할때 기간은 어느정도로 잡고 추출하는지도 궁금합니당! (충분히 잘 우러났겠죠...?ㅎㅎㅎ),"안녕하세요 고객님~ 원씽입니다. 관심가지고 방문해주셔서 감사드려요 ^^ 추출시 사용되는 원물의 함량은 제조사마다, 혹은 완제품의 특성, 기획에 따라 다를 수 있습니다. 대부분의 제조사가 추출할 경우 적게는 5%~많게는 30%정도의 원물을 사용하는데, 원씽 어성초 추출물에 사용되는 원물의 함량은 20~25% 입니다. 열수추출법 중 고온으로 끓여서 추출하는 경우도 있으나 원씽 추출물은 건조발효된 원물을 끓이는 방식이 아닌 정제수를 적정온도로 유지해 제조사의 고유제조/공정작업으로 원물의 특성을 최대한 살려 추출하고 있습니다. 남은 오후 따뜻한 시간 되세요 :",,,,,
제품관련,취급방법 및 효과,총 들어간 성분이 어떻게되나요?,"안녕하세요 고객님~ 원씽입니다 ^^ 인진쑥 추출물의 전성분은 인진쑥 추출물(인진쑥+정제수), 1,2-헥산디올, 부틸렌글라이콜입니다. 원씽은 전제품 전성분 공개를 원칙으로 하고, 제품 출고시 설명서, 스티커 등에도 모두 기재하고 있습니다. MSDS, CoA, 원산지 증명서 등 전달해드리고 있는데, 궁금하신 부분이 있다면 언제든지 편하게 연락주세요. 관심가지고 문의해주셔서 감사드립니다 행복한 하루 되세요 :)",,,,,
제품관련,취급방법 및 효과,제품 전성분 문의드려요!,"안녕하세요 고객님~ 원씽입니다 ^^ 인진쑥 추출물의 전성분은 인진쑥 추출물(강화도 인진쑥+정제수), 1,2-헥산디올, 부틸렌글라이콜입니다. 원씽은 전제품 전성분 공개를 원칙으로 하고, 제품 출고시 설명서, 스티커 등에도 모두 기재하고 있습니다. MSDS, CoA, 원산지 증명서 등 전달해드리고 있는데, 궁금하신 부분이 있다면 언제든지 편하게 연락주세요. 관심가지고 문의해주셔서 감사드립니다. 편안한 밤 되세요 :)",,,,,
제품관련,취급방법 및 효과,추출방법이 어떻게되나요 열수추출법인가요??,안녕하세요 고객님~ 원씽입니다 ^^ 원씽 추출물은 말씀하신대로 열수추출(저온고압)법으로 제조되고 있습니다. 관심가지고 문의해주셔서 감사드려요. 갑자기 기온이 뚝 떨어졌습니다. 건강챙기는 하루 되세요. :),,,,,
제품관련,취급방법 및 효과,쑥 성분함량이어떻게되나요?? 정제수와 원료비율이 95:5비율인가요??,"안녕하세요 고객님~ 원씽입니다 ^^ 원물의 함량을 문의해주신거죠?? 추출시 사용되는 원물의 함량은 제조사마다, 혹은 완제품의 특성에 따라 들어가는 함량이 다를 수 있습니다. 적게는 5%~많게는 30%정도의 원물을 사용하는데, 원씽 인진쑥 추출물에 사용되는 원물의 함량은 25% 안팎입니다. 원씽은 전제품 전성분 공개를 원칙으로 하고, 제품 출고시 설명서, 스티커 등에도 모두 기재하고 있습니다. MSDS, CoA, 원산지 증명서 등 전달해드리고 있는데, 궁금하신 부분이 있다면 언제든지 편하게 연락주세요. 관심가지고 문의해주셔서 감사드립니다. 행복한 하루 되세요 :)",,,,,
제품관련,취급방법 및 효과,주문 세개 했는데 전성분이 100 프로 추출물인둘 알았거든요.. 근데 다른 첨가물도 있네요?? 그럼 추출물은 몇퍼센트인건가요?? 표기가 안되어있어요,"안녕하세요 고객님~ 원씽입니다. 주말 잘 보내고 계시죠?? 다양한 제품을 구매해주셨네요. 정말 감사드립니다. ^^ 원씽 추출물은 각각 국내 강화도 인진쑥, 국내산 어성초, 국내산 병풀로만 추출한 제품(다른 원물이 들어가있지 않습니다)이며, 표기한 전성분대로, 안전한 유통/보관을 위해 천연보습/천연방부역할을 해주는 ewg 1등급 원료인 1,2-헥산디올, 부틸렌글라이콜이 2%내외로 첨가되어있습니다. 혹시라도 사용하시면서, 사용하시기전 궁금하신 부분이 있다면 언제든지 편하게 연락주세요. 관심가지고, 믿고 구매해주셔서 감사드립니다. 따뜻한 주말 되세요~~ :)",,,,,
제품관련,취급방법 및 효과,쑥원료 함량이 25%정도라고요?? 다른곳들은 대부부 10%이고 5%인곳도 있던데요,"안녕하세요 고객님~ 원씽입니다 ^^ 오전에 문의주셨던 내용에 답변드린대로 추출시 사용되는 원물의 함량은 제조사마다, 혹은 완제품의 특성, 기획에 따라 다를 수 있습니다. 대부분의 제조사가 적게는 5%~많게는 30%정도의 원물을 사용하는데, 원씽 인진쑥 추출물에 사용되는 원물의 함량은 25% 안팎입니다. 저희 제품은 원물의 함량이 많아 쑥향이 조금 강한 편이구요. 원물의 함량의 정도가 제조사, 제품 기획/특성에 따라 달라져서 고객님들께서는 피부에 맞는 다양한 제품들을 선택하실 수 있는거구요 ^^ 관심가지고 문의해주셔서 감사드립니다. 행복한 오후시간 되세요 :)",,,,,
제품관련,취급방법 및 효과,궁금해용 추출물들은 몇프로에요?? 정제수도 몇프로에요?? 나머지 화학물질은 2 프로 내외인가오??,"안녕하세요 고객님~ 원씽입니다 ^^ 각 추출물들은 다른 원물이 섞이지 않은 단독원물만으로 추출하였고, 추출시 사용되는 원물의 함량은 25%내외입니다. 추출하면서 정제수가 사용되구요. 추출이 완료된 후 추출물에는 화학물질이 아닌 천연보습, 천연방부의 역할을 하는 1,2-헥산디올, 부틸렌글라이콜이 2% 이내로 첨가됩니다. 원씽은 전성분 공개를 원칙으로 하고 있고, 설명서/스티커에도 모두 기재되어있습니다. 궁금하신 부분은 언제든지 연락주세요. 원씽에 관심가지고 믿고, 구매해주셔서 감사드립니다. 편안한 밤 되세요 :)",,,,,
제품관련,취급방법 및 효과,전성분에 어성초/병풀/인진쑥 몇프로인지 안적혀있네요 구매후 작성합니다 원액이라는 광고문구는 보았으나 왜 전성분에 함유량은 안적혀있나요?세병 구매후 문의남깁니다,"안녕하세요 고객님~ 원씽입니다 ^^ 주말 잘 보내고 계시죠?? 화장품의 경우 전성분 표기는 의무이며, 전성분 표시는 일정한 원칙에 따라 이루어지는데 함량 순서대로 표기를 하게 되어있습니다. 그러나, 판매중인 추출물은 화장품제조에 사용되는 원료(추출물)임에도 불구하고, 원씽은 전성분 공개를 원칙으로 하고 있구요. ^^ 원씽 추출물은 추출 후 정제수에 희석하지 않은 100% 인진쑥 추출물이며, 유통/보존에 필요한 천연보습/천연방부역할을 하는 1,2-헥산디올, 부틸렌글라이콜(or프로판디올)이 첨가되어있습니다. 제품 사용하시면서 궁금한 부분이 있다면 언제든지 연락주세요. 관심가지고 원씽제품 구매해주셔서 감사드립니다. 따뜻한 주말 되세요 :)",,,,,
제품관련,취급방법 및 효과,병풀추출물 함량이 몇%인가요?,"안녕하세요. 고객님~ 원씽입니다. 상세페이지 하단에도 참고 가능하며, 병풀 추출물 함량은 95%인 점 참고 부탁드립니다. :) *병풀 추출물 전성분 : 병풀추출물(95%), 부틸렌글라이콜, 1,2-헥산다이올 다른 궁금하신 부분이 있다면 언제든 편하게 문의 남겨주세요. 감사합니다. :)",,,,,
제품관련,취급방법 및 효과,병풀추출방식이 정량추출물인가요? 다른제품도 동일한가요?,"안녕하세요. 고객님~ 원씽입니다. 병풀, 어성초, 인진쑥 추출물은 저온고압열수추출법으로 제조되고 있습니다. 천연원물을 직접 사용하여 추출시 열수추출을 많이 활용하고 있으며(제조사마다 고유의 방법으로 제조하는 것으로 알고있습니다), 특히 원씽 추출물은 인진쑥, 병풀, 어성초 등의 성분을 그대로 전달하기 위해 제조사의 고유제조/공정작업을 통해 원물의 특성을 최대한 살려 추출하고 있습니다. 또한, 원씽추출물은 한가지 원물(인진쑥, 병풀, 어성초 등 단일원물)만을 사용하여 추출하고, 이후 정제수로 희석하지 않은 100% 추출물입니다. 추출 후 안전한 유통, 보관을 위해 천연보습/방부역할을 해주는 1,2-헥산다이올 과 부틸렌글라이콜이 첨가되었으며, 제조시 사용된 전성분표기를 원칙으로 하고 있습니다. 다른 궁금하신 부분이 있다면 언제든 편하게 문의 남겨주세요. 감사합니다. :)",,,,,
제품관련,취급방법 및 효과,병풀추출물이 95% 들어가있다고 써있는데 100미리당 95미리가 병풀추출물인거죠?,"안녕하세요. 고객님~ 원씽입니다. 100% 중 95%가 추출물이기 때문에, ML단위로 생각하실 경우 말씀 주신대로 생각해 주셔도 무방합니다. 다른 궁금하신 부분이 있다면 언제든 편하게 문의 남겨주세요. 감사합니다. :)",,,,,
제품관련,취급방법 및 효과,병풀 100% 원액인가요,"안녕하세요 고객님~ 원씽입니다. 원씽은 제품 선택에 있어서 피부컨디션에 맞춰 작은 성분까지 체크하실수 있도록 전성분 표기를 원칙으로 하고 있습니다. 국내산 병풀 단일원물만을 사용하여 추출하고, 이후 정제수로 희석하지 않은 100% 추출물입니다. 추출 후 안전한 유통, 보관을 위해 천연보습/방부역할을 해주는 1,2-헥산다이올 과 부틸렌글라이콜이 첨가되었으며, 천연보존제를 제외한 병풀 추출물만의 함량은 약 95~98%정도 됩니다. 다른 궁금하신 부분 있다면 언제든 메세지 남겨주세요 감사합니다:)",,,,,
제품관련,취급방법 및 효과,전성분이 어떻게 되나요?,"안녕하세요 고객님, 원씽입니다~ 문의주신 상품의 전성분은 병풀 추출물(95%), 부틸렌글라이콜, 1,2-헥산다이올 입니다. 감사합니다 : )",,,,,
제품관련,취급방법 및 효과,어성초 워터가 아니라 추출물이 맞나요? 추출물은 보통 화장품 만들때 10프로 정도만 섞어 쓰고 있어서요~ 추출물이면 단독으로 스킨이나 스킨팩 사용시 자극적이지 않은건가요? 화장품 만들때 추출물로써 사용도 가능한가요? ,"안녕하세요 고객님~ 원씽입니다. 따뜻한 하루 시작하셨어요?? 문의하신 내용에 대해 순서대로 답변드리겠습니다 ^^ 1. 어성초 워터가 아니라 추출물이 맞나요? => 워터와 추출물은 제조방법이 다릅니다. 원씽에서 판매하고 있는 추출물 카테고리는 워터가 아닌 한가지 원물(인진쑥, 병풀, 어성초 등 단일원물)만을 사용하여 제조한 추출물이므로 참고 부탁드릴게요. 2. 추출물이면 단독으로 스킨이나 스킨팩 사용시 자극적이지 않은건가요? => 성분 확인 및 패치테스트 후 민감도가 없다면 단독 사용도 가능하며, 스킨이나 스킨팩으로의 활용도 괜찮습니다. 추출물로써 배합 사용가능하며, 추출물 자체만으로 화장수로 사용이 가능한 성분, 함량이므로 다양하게 활용해주세요. (피부무자극테스트완료) 3. 화장품 만들때 추출물로써 사용도 가능한가요? => DIY용으로의 활용 뿐만 아니라 화장품제조시 화장품의 원료로도 사용이 가능합니다. 다른 궁금하신 부분이 있다면 언제든지 편하게 메시지 남겨주시구요~~ 건강챙기는 하루 되세요~ 감사합니다:)",,,,,
제품관련,취급방법 및 효과,어성초가 몇 % 함유인가요?,"안녕하세요 고객님~ 원씽입니다. 원씽추출물은 한가지 원물(인진쑥, 병풀, 어성초 등 단일원물)만을 사용하여 추출하고, 이후 정제수로 희석하지 않은 100% 추출물입니다. 추출 후 안전한 유통, 보관을 위해 천연보습/방부역할을 해주는 1,2-헥산다이올 과 프로판다이올이 첨가되었으며, 원씽은 제조시 사용된 전성분표기를 원칙으로 하고있는데, 천연보존제를 포함해 100%라고 한다면, 어성초 추출물만의 함량은 전체의 약 95~98%정도로 보시면 됩니다. 다른 궁금하신 부분이 있다면 언제든지 편하게 메시지 남겨주시구요. 건강챙기는 하루하루 되세요. 감사합니다 :)",,,,,
제품관련,취급방법 및 효과,추출물 농도가얼마나될까요? 같은 추출물이어도 유효성분의 농도에따라 효과차이가많이나서 가격봐서는 고농도제품은아닌거 같은데.. 정확한 정보 확인부탁드려요 센텔라 유효성분 함량높으면 구매하려구요,"안녕하세요 고객님~ 원씽입니다. 원씽 병풀추출물은 농축한뒤 정제수로 희석한제품이 아닌 25%내외의 함량으로 건조한 원물자체를 이용하여 추출하였습니다. ^^ 화장품제조, DIY화장품원료로 활용하기에 적합한 성상이어야 하며, 피부컨디션에 따라 선택되어지는 제품인 만큼 고객님들께서 단독 사용 혹은 첨가, 배합, 희석 사용등으로 활용해주고 계십니다. 관심가지고 문의해주셔서 감사드립니다. 궁금하신 부분에 있어서는 추출시 사용되는 병풀의 함량을 참고해주시면 도움이 될것 같은데, 더 궁금하신 부분이 있다면 언제든지 연락주세요. 빠른 회신을 위해 톡톡메시지로 연락주셔도 괜찮습니다. 따뜻한 저녁시간 되시구요. 감사합니다 :)",,,,,
제품관련,취급방법 및 효과,"병풀 ""추출물"" 98% 인건 알겠는데요 정확히 ""병풀 고형물""의 함량이 어떻게 되나요 발표된 논문들을 찾아보면 5 wt% (무게백분율) 정도를 전부 사용하였던데요. 이정도는 되야 효과가 있을것 같아서요.","안녕하세요 고객님~ 원씽입니다. 주말 잘 보내셨어요?? 우선, 원씽 추출물은 정제수를 용매로 사용하여 제조하고, 원물마다 특성이 다르기 때문에 추출방법 뿐만 아니라 사용되는 원물의 양에도 차이가 있으나, 스킨케어에 도움이 될수있도록 타사에 비해 높은 함량의 원물이 사용됩니다. (추출시 사용되는 원물의 함량은 원물의 특성을 기준으로 제조사마다, 혹은 완제품의 특성, 기획에 따라 다를 수 있습니다. 대부분의 제조사가 원물을 직접 사용해 추출할 경우 적게는 5%~많게는 30%정도의 원물을 사용하며, 원씽 추출물에 사용되는 원물의 함량은 약 20~25% 입니다.) 더불어, 상세페이지에 업로드되어있는 규격서 및 원산지 증명서, 시험성적서, 피부자극테스트 등을 참고부탁드리며… (서류는 지속적으로 업데이트 됩니다) 원씽은 고객님들께 좋은 제품으로 안전하고 편안한 사용을 위해 제조사의 연구소와 함께 원씽만의 제품 개발을 별도로 진행하고 있습니다(제품의 특성상 수입되는 제품을 제외). 또한, 타사들이 꺼려하고 어려워하는 제품의 정보공개를 최대한 투명하게 고객님들께 전달하는 것이 원씽의 철학이자 방침이지만, 제조사의 고유한 제품 개발과정을 포함해 간혹 답변드리기 어려운부분도 있는점 양해부탁드리겠습니다. 관심가지고 문의해주셔서 감사드립니다. 건강챙기시는 날들되세요. 감사합니다 :)",,,,,
제품관련,취급방법 및 효과,인진쑥추출물을 공병 담아 미스트처럼 쓰고 있어요. 순하고 좋은데 얼굴이 딱히 트거나 각질이 일어나는 건 아니지만 미스트 사용후 건조해지면서 땡기는 느낌이 많이 드는데 다른 제품이랑 섞어 쓰는게 좋은 건가요?,"안녕하세요 고객님~ 원씽입니다. 고객님들마다 피부컨디션이 다르기때문에 원씽제품의 활용이 그만큼 다양해질수 있습니다. 미스트로 활용시 보습감보다는 건조함을 느끼신다면, 보습성분이 있는 제품(or원료)과 배합하거나 세안 후 스킨, 토너로 활용하시는게 어떨까요?? 같은 제품이어도 보습을 느끼는 정도가 조금씩 달라서, 고객님의 경우엔 보습원료의 첨가 혹은 다른 제품과의 배합을 추천해드립니다. 이후 사용시 궁금하신 부분이 있다면 언제든지 연락주세요. 따뜻한 하루 되세요. 감사합니다 :)",,,,,
제품관련,성분 및 원산지,남편이 화농성여드름+모공처짐+여드름자국 이 많이 있고 피부자체도 좀 칙칙한 편입니다. 병풀이랑 어성초를 구매하려고 하는데 몇대 몇으로 섞어 쓰면 되는지와 다른건 다 아예 첨가안해도되는지 궁금합니다. 그리고 추가로 저는 환절기때마다 좁쌀여드름이 올라오고 평소 화이트헤드+기미가 올라옵니다. 뭘 사면 좋을지 문의 드립니,"안녕하세요 고객님~ 원씽입니다. 원물의 특성을 고려해 메모해주신 피부컨디션에 맞춤사용될수 있도록 안내도와드리고 있지만, 피부컨디션에 따라 도움이 되는 정도가 다를 수 있으므로 해당제품은 의약품이 아닌 스킨케어로의 활용을 권장해드려요 ^^ *트*블 진정케어 1. 화*성트러블이 주로 - 노폐물 배출에 도움이 되는 어성초 + 청귤 or카렌듈라 추출물의 배합 사용 (염증성일경우 스팟케어로 티트리오일- 트*블 국소부위에 극소량 사용) 2. 좁쌀, 뾰루지, 붉은 트러블 - 인진쑥or병풀 추출물 + 청귤or카렌듈라 추출물의 배합 활용 추천 3. 여*름 자국으로 인한 색소침착 - 병풀 추출물 4. 트*블 피부의 세안용 제품- 어성초티트리 천연비누 1,2번 배합추천제품 중 청귤, 카렌듈라 둘다 보습력이 높고 피부염증을 줄이는데에 도움이 되지만, 색소침착이나 잡티케어,톤업케어 같이 원하시면 청귤을, 항산화와 피부결정돈에 더 도움받고 싶으시다면 카렌듈라 선택해주세요^^ *칙칙한피부(미백, 톤업)- 나이아신아마이드 (미백케어에도움), 갈락토미세스(촉촉하고탄력있는피부,밝은광채피부에 도움) *모공케어- 어성초(피부노폐물배출에 도움), 화이트헤드+블랙헤드케어( 유기농호호바오일- 클렌징과정에 첨가활용), 모공수렴(녹차) *기미:색소침착케어 - 녹차추출물 ( 멜라닌색소의 침착을막고 기미나주근깨가 형성하는것을 억제해 피부를 맑게유지,카테킨과탄닌성분이 피부수렴과진정에 도움) *원씽의 모든 추출물은 ewg그린등급으로 피부저자극 테스트(무자극)가 완료되어 성분 확인 및 패치테스트 후 민감도가 없을 경우 단독 사용이 가능하며, 첨가,배합 활용도 괜찮습니다. --> 단독 또는 배합한 추출물은 스킨,토너,닦토, 미스트,스킨팩 등 다양하게 활용가능합니다. 추출물간의 배합은 2종~3,4종 배합 모두 괜찮으며, DIY특성상 배합비율이 정해져 있지 않고 피부컨디션, 사용감에 따라 조절, 자유롭게 배합해 주세요~ 모든제품은 사용전 꼭 패치테스트를 해주세요^^",,,,,
제품관련,성분 및 원산지,공병 미스트에 담아서 토너형식으로 뿌려서 흡수시켜주는 방법도 좋나요??,"안녕하세요 고객님~ 원씽입니다. 원씽의 모든 추출물은 ewg그린등급으로 피부저자극 테스트(무자극)가 완료되어 성분 확인 및 패치테스트 후 민감도가 없을 경우 단독 사용이 가능하며, 첨가,배합 활용도 괜찮습니다. --> 단독 또는 배합한추출물은 스킨,토너,미스트,스킨팩 등 다양하게 활용가능합니다. 추출물 자체만으로 화장수로 사용이 가능한 성분, 함량이므로 다양하게 활용해주세요 피부컨디션에 따라 도움이 되는 정도가 달라 활용하는 방법도 다양해질수 있으므로, 맞춤 사용 권장해드리며, 사용중에라도 다른 궁금하신 부분이 있다면 언제든지 편하게 메시지 남겨주세요. 감사합니다 :)",,,,,
제품관련,성분 및 원산지,3가지를 섞어서 사용하면 좋타고 하셨는데 비율을 어떻게 하나요?,"안녕하세요 고객님~ 원씽입니다. 원씽의 모든 추출물은 ewg그린등급으로 피부무자극 테스트가 완료되어 성분 확인 및 패치테스트 후 민감도가 없을 경우 단독 사용이 가능하며, 첨가,배합 활용도 괜찮습니다. --> 단독 또는 배합한추출물은 스킨,토너,미스트,스킨팩 등 다양하게 활용가능합니다. 추출물 자체만으로 화장수로 사용이 가능한 성분, 함량이므로 다양하게 활용해주세요 추출물간의 배합은 2종~3,4종 배합 모두 괜찮으며, DIY특성상 배합비율이 정해져 있지 않고 피부컨디션, 사용감에 따라 조절, 자유롭게 배합해 주세요~ 추출물은 패치테스트 후 민감도가 없다면 각각 단독사용, 피부컨디션에 맞춰어 번갈아 사용, 자유롭게 배합활용 모두 가능합니다. 피부컨디션에 따라 도움이 되는 정도가 달라 활용하는 방법도 다양해질수 있으므로, 맞춤 사용 권장해드리며, 사용중에라도 다른 궁금하신 부분이 있다면 언제든지 편하게 메시지 남겨주세요. 감사합니다 :)",,,,,
제품관련,성분 및 원산지,어성초원약과 반반 섞어서 스킨대용으로 사용가능합니까,"안녕하세요 고객님~ 원씽입니다. 원씽의 모든 추출물은 ewg그린등급으로 피부무자극 테스트가 완료되어 성분 확인 및 패치테스트 후 민감도가 없을 경우 단독 사용이 가능하며, 첨가,배합 활용도 괜찮습니다. --> 단독 또는 배합한추출물은 스킨,토너,미스트,스킨팩 등 다양하게 활용가능합니다. 추출물 자체만으로 화장수로 사용이 가능한 성분, 함량이므로 다양하게 활용해주세요 추출물간의 배합은 2종~3,4종 배합 모두 괜찮으며, DIY특성상 배합비율이 정해져 있지 않고 피부컨디션, 사용감에 따라 조절, 자유롭게 배합해 주세요~ 어성초추출물과 병풀추출물 제품 패치테스트 후 민감도가 없다면 각각 단독활용도 가능, 번갈아 사용, 자유롭게 배합활용 모두 가능합니다. 피부컨디션에 따라 도움이 되는 정도가 달라 활용하는 방법도 다양해질수 있으므로, 맞춤 사용 권장해드리며, 사용중에라도 다른 궁금하신 부분이 있다면 언제든지 편하게 메시지 남겨주세요. 감사합니다 :",,,,,
제품관련,성분 및 원산지,안녕하세요. 미스트로 사용시 원액 그대로 사용 하면 되나요? 아니면 희석해서 사용해야 하나요? 문의드립니다 ^^,"안녕하세요 고객님~ 원씽입니다. 원씽의 모든 추출물은 ewg그린등급으로 피부무자극 테스트가 완료되어 패치테스트후 민감도가 없을 경우 단독 사용이 가능합니다. ( 성분 확인 및 패치테스트 후 민감도가 없다면 단독 사용(스킨이나 토너, 미스트, 스킨팩으로의 활용)이 가능하며, 첨가,배합 활용도 괜찮습니다. 추출물 자체만으로 화장수로 사용이 가능한 성분, 함량이므로 다양하게 활용해주세요) 배합사용 하실경우 2종~3,4종 배합 모두 가능하며, DIY특성상 배합비율이 정해져 있지 않고 피부컨디션, 사용감에 따라 조절, 자유롭게 배합해 주세요~ 피부컨디션에 따라 도움이 되는 정도가 달라 활용하는 방법도 다양해질수 있으므로, 맞춤 사용 권장해드리며, 사용중에라도 다른 궁금하신 부분이 있다면 언제든지 편하게 메시지 남겨주세요. 감사합니다 :)",,,,,
제품관련,성분 및 원산지,병풀이랑 어성초 배합해서 쓰려고하는데요 혹시 제가 아토피랑 등드름 이런거 땜에 몸에도 쓰려고하는데 몸에도 사용가능한가용?ㅠㅜ,"안녕하세요 고객님~ 원씽입니다. 아토피성 피부는 특정원인 뿐만 아니라 찾아내기가 쉽지않은 여러가지 원인이 동반되어 나타나는 대표적인 피부질환이기 때문에 증상에 따라 추출물 사용이 진정케어로의 도움되는 정도의 차이가 클수 있습니다. 따라서, 앞서 말씀드린대로 치료가 아닌 진정케어로 활용을 원하시는 경우라면 원물의 특성상 병풀 추출물을 우선적으로 권장해드리며, 추출물 등이 닿았을 때 통증을 느끼는 정도라면 직접적인 사용은 지양해주세요. 원씽의 모든 추출물은 ewg그린등급으로 피부무자극 테스트가 완료되어 패치테스트후 민감도가 없을 경우 단독 사용이 가능합니다. 성분 확인 및 패치테스트 후 민감도가 없다면 단독 사용이 가능하며, 첨가,배합 활용도 괜찮습니다. --> 단독 또는 배합한추출물은 스킨,토너,미스트,스킨팩 등 다양하게 활용가능합니다. 스킨케어용으로 활용이 가능하므로 얼굴뿐만 아니라 바디용으로의 활용도 가능하므로 피부컨디션에 맞춤 활용해주세요. 추출물간의 배합은 2종~3,4종 배합 모두 괜찮으며, DIY특성상 배합비율이 정해져 있지 않고 피부컨디션, 사용감에 따라 조절, 자유롭게 배합해 주세요~ 제품들이 단일성분에 집중해 개발, 제조되어서 전체적인 피부진정케어에는 도움이 되지만, 피부 컨디션에 따라 도움이 되는 정도의 차이는 개인차가 큰편입니다. 원물의 특성, 원하시는 케어 혹은 피부컨디션에 맞춤 사용될수 있도록 선택 부탁드리겠습니다. (아*피, 여*름과 같은 트*블성 피부에도 반드시, 패치테스트 후 국소적인 사용감 확인해주세요) 사용중에라도 궁금하신 부분이 생기면 편하게 메시지 남겨주세요~ 감사합니다:)",,,,,
제품관련,성분 및 원산지,병풀이랑 나이아신아마이드로 닦토겸 패드스킨팩 만들건데 비율 어느정도가 좋을까요 5대5로 해도 되나요,"안녕하세요 고객님~ 원씽입니다. 원씽의 모든 추출물과 문의주신 나이아신아마이드 제품은 전성분 ewg그린등급으로 피부무자극 테스트가 완료되어 패치테스트후 민감도가 없을 경우 단독 사용이 가능합니다. 성분 확인 및 패치테스트 후 민감도가 없다면 단독 사용이 가능하며, 첨가,배합 활용도 괜찮습니다. --> 단독 또는 배합한추출물은 스킨,토너,미스트,스킨팩 등 다양하게 활용가능합니다. DIY특성상 배합비율이 정해져 있지 않고 피부컨디션, 사용감에 따라 조절, 자유롭게 배합해 주세요~ 다만 나이아신 아마이드가 10%고함량 제품이다 보니 처음엔 병풀추출물에 소량 첨가해 사용해 보신후 점차 양을 늘려주시면 맞춤사용에 도움되실거에요~ 피부컨디션에 따라 도움이 되는 정도가 달라 활용하는 방법도 다양해질수 있으므로, 맞춤 사용 권장해드리며, 사용중에라도 다른 궁금하신 부분이 있다면 언제든지 편하게 메시지 남겨주세요. 감사합니다 :",,,,,
제품관련,성분 및 원산지,안녕하세요 비마트로 구매했는데 저도 섞어서 써보고 싶어서 문의드려요 피지분비량 많은데 속건조가 심해요 쓰던 기초제품이 있어서 일단 어성초토너 어성초 진정세럼 나이아신토너 세개 구매 했는데요 어성초랑 나이아신 비율은 어느정도로 하면 좋을까요 추천하시는 비율있으시면 알려주시면 감사하겠습니다 피지분비량 많고 화이트 헤드도 고민이라 유수분 항상 신경 쓰는데도 요새 속건조가 부쩍 심하네요 피지분비 많은 지성 속건조 피부 제품추천 부탁드려도 될까요?,"안녕하세요. 고객님~ 원씽입니다. 우선 저희 제품 구매해 주셔서 감사합니다. :) 원물의 특성을 고려해 맞춤 사용 될 수 있도록 안내 도와드리고 있지만, 피부 컨디션에 따라 도움 되는 정도가 다를 수 있으므로 해당 제품은 의약품이 아닌 스킨케어로의 활용을 권장해 드립니다. *어성초 추출물(노폐물 배출에 도움, 유분이랑 피지 개선에 효과가 있어서 여드름 피부에 사용이 적합한 제품으로 임상 완료) *나이아신아마이드10%(지성 피부, 생기, 고함량이기 때문에 소량 첨가(최대 10%)해서 사용부탁드리며, 사용감이 괜찮다면 점차 늘려주세요.) 처음에는 어성초 9: 나이아신 1 비율로 케어해 주시다가, 사용감이 괜찮으시다면 나이아신 비율은 조금씩 늘려서 사용해 주세요. 지성피부 속보습 케어에는 유분감 보다 수분감이 많은 제품을 추천드립니다. *히알루론산 저분자(속건조케어, 점도가없는 액상타입으로, 분자량이 매우작아 속보습(속건조개선) 개선에 도움) 어성초, 나이아신 배합 사용감이 괜찮다면 히알루론산 저분자 제품도 함께 배합하여 케어해 주세요. 크게 정해진 배합 비율은 없으나, 고객님의 고민 지점과 원물의 특성을 활용하여 맞춤케어 부탁드립니다. 또한, 사용 전에 반드시 패치 테스트 및 국소적 사용감 체크해주세요. 다른 궁금하신 부분이 있다면 언제든 편하게 문의 남겨주세요. 감사합니다. :)",,,,,
제품관련,성분 및 원산지,병풀 어성초 반반씩 섞어서 써도 괜찮은지요 따로 써야하는지 궁금요,"안녕하세요 고객님~ 원씽입니다. 원물의 특성을 고려해 맞춤사용 될 수 있도록 안내 도와드리고 있지만, 피부 컨디션에 따라 도움되는 정도가 다를 수 있으므로 해당제품은 의약품이 아닌 스킨케어로의 활용을 권장해드려요 제품별 원물적특성에 따라 눈여겨봐주시고, 패치테스트 및 국소적 사용감 체크 후 민감도가 없을 경우 단독, 배합 활용이 가능합니다. 어성초, 병풀 섞어서 사용 가능하며 사용방법, 주기 등 크게 제한이 없으므로 맞춤케어해주세요. 민감도가 높을수록 패치테스트 및 국소적 사용감체크에 반드시 신경써주셔야합니다. 다른 궁금하신 부분이 있다면 언제든 편하게 메시지 남겨주세요. 감사합니다 :)",,,,,
제품관련,성분 및 원산지,여드름 자국 색소침착 건조 보습으로 고민중인데요 카렌듈라+인진쑥+어성초+히알루론산 조합은 괜찮을까요? 대체적으로 여드름 자국을 좀더 신경쓸려하는데 비율은 어떻게 해야 할까요?? 병풀은 세럼 크림으로 쓰고 있어서 뺐구요 감사합니다 ㅎ,"안녕하세요. 고객님~ 원씽입니다. 배합하여 활용하셔도 괜찮습니다. 바로 DIY하지마시고, 반드시 각각의 제품에 대한 패치테스트 및 국소적 사용감 체크하신뒤에 맞춤케어해주세요. - 카렌듈라 --> 보습감 - 인진쑥 --> 수분관리 - 어성초 -->트러블 진정케어 - 히알루론산 -->속건조 배합비율에도 크게 제한이 없기때문에 사용감을 보며 조절해주시면 맞춤케어에 도움이 될거에요. :) 민감도가 높을수록 패치테스트 및 국소적 사용감체크에 반드시 신경써주셔야 합니다. 다른 궁금하신 부분이 있다면 언제든 편하게 문의 남겨주세요. 감사합니다. :)",,,,,
제품관련,성분 및 원산지,원형빅패드 주문했는데 빅패드 통안에다가 병풀추출물 담아서 써도 좋나요? 언제까지 써야 좋나요??,"안녕하세요. 고객님~ 원씽입니다. 빅패드 한통에 70매가 들어가있는데, 본품 용기에 추출물을 넣을 경우 150ml 보다는 많이, 300ml 보다는 조금 적게 들어갑니다. 위생상, 보관상 한꺼번에 모두 사용하시기보다 소량씩 나누어 추출물을 부어주시길 추천해드립니다. ex) 5~10매 정도 넣어서(나머지는 지퍼백 등에 별도 보관) 추출물을 적당량(패드가 적셔질 정도) 넣어 필요한 부분에 붙여 10~15분 정도 팩을 해주시면 되며, 패드의 수량에 따라 추출물의 양이 달라지므로, 이 부분은 사용하시면서 조절해주세요. 시원하게 팩활용 원하실 경우에는 냉장보관 해주셔도 도움이 되는 점 참고 부탁드리며, 햇볕이 들지않는 냉암소 보관 권장해드립니다. 또한, 사용기한의 경우 개봉 후 6개월 이내 사용을 권장드립니다. 다른 궁금하신 부분이 있다면 언제든 편하게 문의 남겨주세요. 감사합니다. :)",,,,,
제품관련,성분 및 원산지,"카렌듈라, 청귤, 브로콜리, 히알루론산 이렇게 섞어 사용해도 될까요","안녕하세요 고객님~ 원씽입니다. 카렌듈라, 청귤, 브로콜리 추출물, 히알루론산 에센스는 성분 확인 및 패치테스트 후 민감도가 없다면 단독 사용이 가능하며, 제품 자체만으로 화장수로 사용이 가능한 성분, 함량이므로 다양하게 활용해주세요. 따라서 배합비율엔 제한이 없기때문에 사용감 보면서 조절해주시구요. 히알루론산 저분자는 단독이 아닌 최대 5% 첨가활용을 권장하는 제품입니다. (단독 사용이 가능한 보습제품은 히알루론산 에센스입니다) 1. 패치테스트 2. 국소적 사용감 체크 3. 맞춤배합 피부컨디션마다 도움되는 정도가 다를수 있으므로 앞서 메모해드린 순차적인 방법으로 활용해주세요. 다른 궁금하신 부분이 있다면 언제든지 편하게 메시지 남겨주시구요` 따뜻한 하루 되세요. 감사합니다 :)",,,,,
제품관련,성분 및 원산지,인진쑥 어성초 병풀 배합해서 사용하고 있는데 인진쑥을 베이스로 잡고 사용하니까 벌써 반 밖에 안 남았더라구요. 그런데 사려고 보니까 카렌듈라도 있어서 고민이 됩니다. 카렌듈라 어성초 병풀 배합도 괜찮을까요?? 아니면 원래 배합에 카렌듈라만 따로 사용하는 게 좋을지 ... (마스크 때문에 피부가 뒤집어졌다가 연해지고 있는 상태에 한두개씩 올라오는 정도고 붉은끼와 흉터 홍조가 있는 수부지 피부 입니다!!) 원씽 써보니까 욕심나서 미리미리 쟁여놔야될 거 같아요 ㅋㅋㅋ 아직 다 쓰려면 멀었지만...,"안녕하세요 고객님~ 원씽입니다. 주말 잘 보내셨어요?? 카렌듈라 추출물도 마찬가지로 ewg 그린등급, 피부 무자극 테스트가 완료된 제품입니다. 패치테스트 후 민감도가 없다면 단독 사용뿐만 아니라 다른 추출물, 기존 화장품과이 배합 활용이 가능하구요. 활용 방법은 다양하기때문에 피부컨디션에 맞춰 사용 권장해드려요 ^^ 건강챙기는 하루 되시구요. 사용중에라도 다른 궁금하신 부분이 있다면 언제든지 편하게 메시지 남겨주세요. 감사합니다 :)",,,,,
제품관련,성분 및 원산지,인진쑥이랑 어성초 섞어도 되나요,안녕하세요 고객님~ 원씽입니다. DIY화장품원료의 특성상 다양한 활용이가능한데요. 단독사용뿐만아니라 배합사용도 가능합니다^^ 인진쑥과 어성초추출물의 배합역시 많이 사용하는 조합이구요. 원물의 특성과 고객님의 피부컨디션을 고려해서 배합률을 찾아 사용 권해드립니다. 궁금하신부분이 있다면 언제든지 문의해주세요 따뜻한밤되시구요 :) 감사합니다.,,,,,
제품관련,성분 및 원산지,원씽 갈락토미세스 발효여과물 원씽 히알루론산 1%원액 저분자 원씽 히알루론산 1%원액 저분자 카렌듈라 꽃잎 추출물 원액 원씽 제주 프로폴리스원액 원씽 히알루론산 1%원액 저분자 원씽 히알루론산 1%원액 저분자 병풀 이렇게 두가지씩 섞어서 미스트로 사용해도 외나요,"안녕하세요. 고객님~ 원씽입니다. 네~ 가능합니다. 정해진 배합 비율은 없으며, 고객님의 고민 지점과 원물의 특성을 고려하여 배합 부탁드립니다. *갈락토미세스 발효 여과물(수부지 피부, 영양) *히알루론산 저분자(점도가없는 액상타입으로, 분자량이 매우작아 속보습 개선에 도움) * 제주 프로폴리스원액(수부지 피부, 보습) *병풀 추출물(좁쌀, 진정케어) 다만, 미스트로 사용 시 점도가 있는 추출물(나이아신, 히알루론산 에센스, 프로폴리스꿀추출물), 오일, 앰플 등 단독 or 많이 사용 시 일자로 분사되어 사용에 불편을 줄 수 있습니다. 점도가 없는 추출물에 10%미만 혼합하여 사용하시길 추천드립니다. 또한, 사용 전에 패치 테스트 및 국소적 사용감 체크해주세요. 다른 궁금하신 부분이 있다면 언제든 편하게 문의 남겨주세요. 감사합니다. :)",,,,,
제품관련,성분 및 원산지,토너들을 블렌딩할때 그냥 스프레이용기나 공병에 물섞듯이 예를들어 병풀 어성초 인진쑥 이렇게 섞으면 되는건가요??? 비율은 기능별 개인기준에 고려해서요,"안녕하세요. 고객님~ 원씽입니다. 네 맞습니다. 고객님~ 미스트의 경우 배합은 2종~3,4종 배합 모두 괜찮으며, DIY특성상 배합 비율이 정해져 있지 않고 피부컨디션, 사용감에 따라 조절, 자유롭게 배합해 주세요. 또한, 스킨팩의 경우 보관상 한꺼번에 모두 사용하시기보다 소량씩 나누어 추출물을 부어주시길 추천해드립니다. 예를들어 5~10매정도 넣어서(나머지는 지퍼백 등에 별도 보관) 추출물을 적당량(패드가 적셔질 정도) 넣어 필요한 부분에 붙여 10~15분 정도 팩 활용해주세요. 패드의 수량에 따라 추출물의 양이 달라지므로, 이 부분은 사용하시면서 조절해주세요. 냉장 보관하면 쿨링감 있게 사용 가능하오니 참고 부탁드립니다. 마지막으로 사용 전에 잘 흔들어서 사용해 주시고, 사용 전에 반드시 패치 테스트 및 국소적 사용감 체크해주세요. 다른 궁금하신 부분이 있다면 언제든 편하게 문의 남겨주세요. 감사합니다. :)",,,,,
제품관련,성분 및 원산지,"병풀이랑 인진쑥을 몇대몇해야하나요? 닦는패드로 사용하려고요. 지금 좁쌀이 너무심해서ㅠ 인진쑥이랑 병풀 어성초 , 세가지랑 병풀세럼, 병풀수딩크림이있는데 좁쌀에는 어떻게 뭘써야좋을까요ㅠㅠ","안녕하세요. 고객님~ 원씽입니다. 원물의 특성을 고려해 맞춤 사용 될 수 있도록 안내 도와드리고 있지만, 피부 컨디션에 따라 도움 되는 정도가 다를 수 있으므로 해당 제품은 의약품이 아닌 스킨케어로의 활용을 권장해 드립니다. *병풀 추출물(좁쌀, 진정케어) *인진쑥 추출물(붉은기 진정) *어성초 추출물(노폐물 배출에 도움) 고객님의 고민 지점인 좁쌀에는 병풀 추출물 추천드립니다. 병풀 추출물 단독으로 사용하시다가, 사용감이 괜찮으시다면 1~2종 추가 배합을 권장드립니다. ex) 병풀 추출물 단독 → 병풀 7: 인진쑥 3 → 병풀 6: 인진쑥 2: 어성초 2 등 고객님의 피부 컨디션과 원물의 특성에 따라 맞춤케어 해주세요. 또한, 사용 전에 반드시 패치 테스트 및 국소적 사용감 체크해주세요. 다른 궁금하신 부분이 있다면 언제든 편하게 문의 남겨주세요. 감사합니다. :)",,,,,
제품관련,성분 및 원산지,녹차랑 병풀추출물 몇대몇으로 섞어서 스킨대용으로 사용하면 되낭요?,"안녕하세요. 고객님~ 원씽입니다. 원물의 특성을 고려해 맞춤 사용 될 수 있도록 안내 도와드리고 있지만, 피부 컨디션에 따라 도움 되는 정도가 다를 수 있으므로 해당 제품은 의약품이 아닌 스킨케어로의 활용을 권장해 드립니다. 스킨대용으로 사용 가능하며 배합의 경우 정해진 비율보다는 민감도 체크 후 단독사용--> 1-2종 배합--> 사용감 보신뒤 추가 1-2종 배합 등의 순차적인 활용을 권장해드립니다. -병풀 추출물(좁쌀, 진정케어) -녹차 추출물(여름에 많이 활용하는 원물, 탄력) 고객님의 고민 지점과 원물의 특성을 고려하여 맞춤케어 해주세요. :) ex) 병풀 5:녹차5 사용 → 맞춤케어로 비율 조절 다른 궁금하신 부분이 있다면 언제든 편하게 문의 남겨주세요. 감사합니다. :)",,,,,
제품관련,성분 및 원산지,토너와 5:5 비율로 섞어도 되나요?,"안녕하세요 고객님~ 원씽입니다. 원씽의 모든 추출물은 ewg그린등급으로 피부 저자극 테스트가 완료(무자극)되어 성분 확인 및 패치테스트 후 민감도가 없을 경우 단독 사용이 가능하며, 첨가, 배합 활용도 괜찮습니다. --> 단독 또는 배합한추출물은 스킨, 토너, 미스트, 스킨팩 등 다양하게 활용 가능합니다. 추출물 자체만으로 화장수로 사용이 가능한 성분, 함량이므로 다양하게 활용해주세요 추출물의 배합은 2종~3,4종 배합 모두 괜찮으며, DIY특성상 배합비율이 정해져 있지 않고 피부컨디션, 사용감에 따라 조절, 자유롭게 배합해 주세요~ 피부 컨디션에 따라 도움이 되는 정도가 달라 활용하는 방법도 다양해질 수 있으므로, 맞춤 사용 권장해드리며, 해당제품은 의약품이 아닌 스킨케어로의 활용을 권장해드려요 ^^ 사용중에라도 다른 궁금하신 부분이 있다면 언제든지 편하게 메시지 남겨주세요. 감사합니다 :)",,,,,
제품관련,성분 및 원산지,닦토용으로 단독 사용해도 괜찮나요,"안녕하세요. 고객님 원씽입니다. 원씽의 모든 추출물은 전성분 ewg그린등급으로 피부 저자극 테스트(무자극)가 완료되어 성분 및 패치테스트 후 민감도가 없을 경우 단독 사용이 가능하며, 첨가, 배합, 활용도 괜찮습니다. (닦토, 스킨, 토너, 미스트, 크림, 스킨팩등 다양한 활용 가능) 추출물 자체만으로 화장수로 사용이 가능한 성분, 함량이므로 다양하게 활용해주세요. 원물의 특성을 고려해 제품을 선택했다 하더라도 도움이 되는 정도의 차이는 있기 때문에 지속적인 맞춤 사용 권장해드립니다. (반드시, 패치테스트 후 국소적인 사용 감 확인해주세요) 사용중에라도 다른 궁금하신 부분이 있다면 언제든지 메시지 남겨 주세요. 감사합니다 :)",,,,,
제품관련,성분 및 원산지,답변감사해요!! 그럼 혹시 배합비율은 어떻게하는게 나을까요??,"안녕하세요 고객님~ 원씽입니다. 원씽의 모든 추출물은 ewg그린등급으로 피부무자극 테스트가 완료되어 패치테스트후 민감도가 없을 경우 단독 사용이 가능합니다. ( 성분 확인 및 패치테스트 후 민감도가 없다면 단독 사용(스킨이나 토너로의 활용)이 가능하며, 첨가,배합 활용도 괜찮습니다. 추출물 자체만으로 화장수로 사용이 가능한 성분, 함량이므로 다양하게 활용해주세요) DIY특성상 배합이 정해져있지않고 피부컨디션, 사용감에 따라 자유롭게 배합해주세요~^^ (1:1, 7:3, 1:9 등등 모두 가능합니다) 또 한번에 많은 양을 배합하기보다 그날그날 고객님 컨디션에 맞추어 바꿔주셔도 괜찮구요~ 뾰루지자국에 팩을 하고 싶으신경우 병풀의 양을 늘리거나 병풀로만 해주셔도 되고요~ 간지럽거나 뾰루지가 새로 올라온경우 카렌둘라의 양을 늘려 진정케어로 활용해 주셔도 괜찮습니다^^ DIY특성상 여러가지 방법이 있으므로 다양하게 활용해주시구요~ 사용중에라도 궁금하신 부분이 있다면 언제든지 편하게 메시지 남겨주세요 감사합니다 :",,,,,
제품관련,성분 및 원산지,"병풀이랑 어성초 섞어 사용해도 괜찮은가요??? 둘을 레이어드해서 사용할 경우 효과가 적을 것 같아서 아예 섞어 사용하고 싶은데, 섞을 경우 성분상 둘이 상충된다거나 하는 부분이 있을까봐 걱정되네요","안녕하세요 고객님~ 원씽입니다. 원씽의 모든 추출물은 ewg그린등급으로 피부무자극 테스트가 완료되어 패치테스트후 민감도가 없을 경우 단독 사용이 가능합니다. ( 성분 확인 및 패치테스트 후 민감도가 없다면 단독 사용(스킨이나 토너로의 활용)이 가능하며, 첨가,배합 활용도 괜찮습니다. 추출물 자체만으로 화장수로 사용이 가능한 성분, 함량이므로 다양하게 활용해주세요) DIY특성상 배합이 정해져있지않고 피부컨디션, 사용감에 따라 자유롭게 배합해주세요~ 2~3종 배합도 가능하며 둘의 성분이 상충된다거나 하는 부분은 없으니 안심하고 사용해주세요!^^ 피부컨디션에 따라 도움이 되는 정도가 달라 활용하는 방법도 다양해질수 있으므로, 맞춤 사용 권장해드리며, 사용중에라도 다른 궁금하신 부분이 있다면 언제든지 편하게 메시지 남겨주세요. 감사합니다 :)",,,,,
제품관련,성분 및 원산지,안녕하세요~턱 쪽 트러블 고민으로 구입했는데요. 어성초+카렌듈라 1:1 비율로 섞어서 토너로 사용하도 되나요? 턱쪽에만 가끔 화농성 트러블이 올라오는 편입니다,"안녕하세요 고객님~ 원씽입니다. 제품구매 감사드립니다.^^ 어성초와 카렌듈라 추출물은 모두 ewg그린등급으로 피부무자극 테스트가 완료되어 패치테스트후 민감도가 없을 경우 단독 사용이 가능합니다. (성분 확인 및 패치테스트 후 민감도가 없다면 단독 사용이 가능하며, 스킨으로의 활용도 괜찮습니다. 추출물 자체만으로 화장수로 사용이 가능한 성분, 함량이므로 다양하게 활용해주세요) DIY특성상 배합이 정해져있지않고 피부컨디션, 사용감에 따라 조절해주시면 되구요. 각각 단독으로 토너로 사용가능, 어성초,카렌듈라를 1:1의 비율로 배합사용도 당연히 괜찮구요~3:7 , 4:6 그 반대의 비율도 모두 괜찮습니다. 고객님 피부컨디션에 맞추어 사용비율 조절해주시면 되고요~ 턱쪽 트러블 부위에 진정스킨팩으로 활용도 괜찮습니다. 피부컨디션에 따라 도움이 되는 정도가 달라 활용하는 방법도 다양해질수 있으므로, 맞춤 사용 권장해드리며, 사용중에라도 다른 궁금하신 부분이 있다면 언제든지 편하게 메시지 남겨주세요. 감사합니다 :)",,,,,
제품관련,성분 및 원산지,카렌듈라랑 청귤 섞어서 사용해도 되나요? 아님 번갈아써야 되는지....속건조에다 기미 잡티 약간의 홍조등등 있어요~비슷한 성분 같아서 고민이네요^^;,"안녕하세요 고객님~ 원씽입니다. 원물의 특성을 고려해 메모해주신 피부컨디션에 맞춤사용될수 있도록 안내도와드리고 있지만, 피부컨디션에 따라 도움이 되는 정도가 다를 수 있으므로 해당제품은 의약품이 아닌 스킨케어로의 활용을 권장해드려요 ^^ *색소침착케어 1.추출물- 청귤(잡티관리에 도움),브로콜리(색소침착방지에 도움),녹차( 멜라닌색소의 침착을막고 기미나주근깨가 형성하는것을 억제해 피부를 맑게유지), 병풀(여*름, 트*블로 인한 색소침착) 2. 나이아신아마이드10%-식품의약품전처가고시한미백기능성원료 3. 갈락토미세스-촉촉하고탄력있는피부(묵은각질제거와 보습지속력),밝은광채피부에 도움 4. 원씽 모이스처 플러스크림- 주름과 미백의 이중기능성 크림 *홍조- 인진쑥추출물( 피부의 열감을 내리고 붉은피부 진정, 붉은기개선에 도움 ) 원씽의 모든 추출물은 ewg그린등급으로 피부무자극 테스트가 완료되어 패치테스트후 민감도가 없을 경우 단독 사용이 가능합니다. 성분 확인 및 패치테스트 후 민감도가 없다면 단독 사용이 가능하며, 첨가,배합 활용도 괜찮습니다. --> 단독 또는 배합한추출물은 스킨,토너,미스트,스킨팩 등 다양하게 활용가능합니다. 추출물간의 배합은 2종~3,4종 배합 모두 괜찮으며, DIY특성상 배합비율이 정해져 있지 않고 피부컨디션, 사용감에 따라 조절, 자유롭게 배합해 주세요~ 피부컨디션에 따라 도움이 되는 정도가 달라 활용하는 방법도 다양해질수 있으므로, 맞춤 사용 권장해드리며, 사용중에라도 다른 궁금하신 부분이 있다면 언제든지 편하게 메시지 남겨주세요. 감사합니다 :)",,,,,
제품관련,성분 및 원산지,안녕하세요~ 원씽 병풀 추출물에다가 자사 제품인 이데베논을 10%비율로 섞어서 사용을 해도 될까요? 그리고 스킨토너가 맞는지도 궁금합니다,"안녕하세요 고객님~ 원씽입니다. 메모해주신 제품 2가지 모두, 패치테스트 및 국소적 사용감 체크 후 민감도가 없을 경우 맞춤활용이 가능합니다. 병풀추출물은 배합에 제한이 없으며, 이데베논은 최대 10% 첨가사용해주시고, 병풀90+이데베논10 배합 괜찮습니다. 처음에는 이데베논의 첨가량은 1-2%정도로 소량 배합해보신뒤 사용감을 보면서 첨가량을 늘려주시면 맞춤사용에 도움되실거에요. 그리고, 병풀추출물은 스킨, 토너, 미스트로 활용가능합니다. 다른 궁금하신 부분이 있다면 편하게 메시지 남겨주세요. 감사합니다 :",,,,,
제품관련,성분 및 원산지,"어성초,청귤,카렌듈라 삿는데 세개다 섞어도되는지 비율을어케섞으면되는지 좀 알려주세요","안녕하세요 고객님~ 원씽입니다. 원씽의 모든 추출물은 전성분 ewg그린등급으로 피부저자극 테스트(무자극)가 완료되어 성분 확인 및 패치테스트 후 민감도가 없을 경우 단독 사용이 가능하며, 첨가,배합 활용도 괜찮습니다. --> 단독 또는 배합한 추출물은 스킨,토너,닦토, 미스트,스킨팩 등 다양하게 활용가능합니다. 추출물 자체만으로 화장수로 사용이 가능한 성분, 함량이므로 다양하게 활용해주세요^^ 추출물간의 배합은 2종~3,4종 배합 모두 괜찮으며, DIY특성상 배합비율이 정해져 있지 않고 피부컨디션, 사용감에 따라 조절, 자유롭게 배합해 주세요~ 어성초, 청귤, 카렌듈라 각각 단독사용도 가능하며 , 피부컨디션에 따라 번갈아 사용, 자유롭게 배합활용 모두 괜찮습니다. 피부컨디션에 따라 도움이 되는 정도가 달라 활용하는 방법도 다양해질수 있으므로, 맞춤 사용 권장해드리며, 사용중에라도 다른 궁금하신 부분이 있다면 언제든지 편하게 메시지 남겨주세요. 감사합니다 :)",,,,,
제품관련,성분 및 원산지,안녕하세요^^ 어성초 단독으로 공병에 담아서 미스트처럼 뿌려줘도 괜찮은가요??,"안녕하세요 고객님~ 원씽입니다. 원씽의 모든 추출물은 전성분 ewg그린등급으로 피부저자극 테스트(무자극)가 완료되어 성분 확인 및 패치테스트 후 민감도가 없을 경우 단독 사용이 가능하며, 첨가,배합 활용도 괜찮습니다. --> 단독 또는 배합한 추출물은 스킨,토너,닦토, 미스트,스킨팩 등 다양하게 활용가능합니다. 추출물 자체만으로 화장수로 사용이 가능한 성분, 함량이므로 다양하게 활용해주세요^^ 패치테스트 후 민감도가 없다면 단독으로 미스트공병에 소분하여 미스트로 활용 가능합니다^^ 피부컨디션에 따라 도움이 되는 정도가 달라 활용하는 방법도 다양해질수 있으므로, 맞춤 사용 권장해드리며, 사용중에라도 다른 궁금하신 부분이 있다면 언제든지 편하게 메시지 남겨주세요. 감사합니다 :)",,,,,
제품관련,성분 및 원산지,스킨 조합을 어떻게 해야 될 지 몰라 여쭤봐요! 평소 얼굴이 쉽게 달아올라 홍조와 좁쌀 여드름이 자주 생기는 편이에요 색소침착도 조금 있구요 티존만 지성입니다 현재 어성초와 인진쑥 조합으로 쓰고있는데 효과가 없어 다른 조합 추천 부탁드립니다:),"안녕하세요. 고객님~ 원씽입니다. 원물의 특성을 고려해 맞춤 사용 될 수 있도록 안내 도와드리고 있지만, 피부 컨디션에 따라 도움 되는 정도가 다를 수 있으므로 해당 제품은 의약품이 아닌 스킨케어로의 활용을 권장해 드립니다. 고객님 피부 고민점: 홍조, 좁쌀 여*름, 색소참착 -병풀 추출물(좁쌀, 진정케어, 색소침착) 홍조에는 원물의 특성 상 인진쑥 추출물을 추천드리나, 피부에 보습과 영양을 줄 수 있는 추출물 추천드립니다. -비피다원액 (높은 보습력과 풍부한 영양: 활력 있고 생기 있는 피부로 가꾸는데 도움, 피부장벽을 튼튼하고 건강하게 관리) -프로폴리스꿀추출물(보습, 수부지 피부) 또한, 사용 전에 반드시 패치 테스트 및 국소적 사용감 체크해주세요. 다른 궁금하신 부분이 있다면 언제든 편하게 문의 남겨주세요. 감사합니다. :)",,,,,
제품관련,성분 및 원산지,병풀 어성초 카렌듈라 로 미스트 만드려고 하는대요. 비율을 어떻게 주면 좋을까요?,"안녕하세요 고객님~ 원씽입니다. 원씽의 모든 추출물은 전성분 ewg그린등급으로 피부저자극 테스트(무자극)가 완료되어 성분 확인 및 패치테스트 후 민감도가 없을 경우 단독 사용이 가능하며, 첨가,배합 활용도 괜찮습니다. --> 단독 또는 배합한추출물은 스킨,토너,닦토, 미스트,스킨팩 등 다양하게 활용가능합니다. 추출물 자체만으로 화장수로 사용이 가능한 성분, 함량이므로 다양하게 활용해주세요 추출물간의 배합은 2종~3,4종 배합 모두 괜찮으며, DIY특성상 배합비율이 정해져 있지 않고 피부컨디션, 사용감에 따라 조절, 자유롭게 배합해 주세요~ 병풀, 어성초, 카렌듈라 각각 단독사용, 피부컨디션에 따라 번갈아 사용, 자유롭게 배합활용 모두 괜찮습니다. 고객님의 피부컨디션에 맞게 사용감보시며 자유롭게 조절해주세요~ 피부컨디션에 따라 도움이 되는 정도가 달라 활용하는 방법도 다양해질수 있으므로, 맞춤 사용 권장해드리며, 사용중에라도 다른 궁금하신 부분이 있다면 언제든지 편하게 메시지 남겨주세요. 감사합니다 :)",,,,,
제품관련,취급방법 및 효과,안녕하세요 ^^ 예민한 피부때문에 고통받는 남자친구 사주려고 하는데 어떤제품이 좋을지 잘 모르겠어서 문의글 남깁니다. 추천부탁드려요 우선 남자친구는 몸에 열이 많아서 항상 얼굴이 뜨겁고 붉어요 피부과에서 피부장벽이 다 무너져있다고 했어요 작은트러블이 자주 많이 올라와요 어떤제품이 좋을까요 ??,"안녕하세요 고객님~ 원씽입니다. 원물의 특성을 고려해 메모해주신 피부컨디션에 맞춤사용될수 있도록 안내도와드리고 있지만, 피부컨디션에 따라 도움이 되는 정도가 다를 수 있으므로 해당제품은 의약품이 아닌 스킨케어로의 활용을 권장해드려요 ^^ *예민,민감성 피부 - 병풀 추출물: 염증을억제해 피부진정(트*블,민감성피부도사용 가능)에 도움 *열감과 홍조(붉은기)- 인진쑥 추출물 ( 인진쑥의 차가운성질이 열감을 내리고 붉은피부진정, 붉은기,피부톤개선에 도움) *피부장벽강화에 도움 1. 비피다원액: 풍부한영양과 높은 보습력, 피부장벽을 튼튼하고 건강하게 관리, 톤업케어에 도움, 피부면역력 관리에 도움 2. 유기농 호호바오일- 화학첨가물 없는 100%식물성오일로 보습력이 뛰어나며 피부장벽회복과 수분손실억제,피지조절기능개선(모공속 노폐물을 제거하고 악건성,속건조,트러블피부 유수분밸런스유지)에 도움 *좁쌀, 뾰루지, 붉은트*블 - 인진쑥or병풀 추출물 + 청귤or카렌듈라 추출물의 배합 활용 추천(항균,항염기능) -->배합추천제품 중 청귤, 카렌듈라 둘다 보습력이 높고 항균,항염에 도움이 되지만, 색소침착이나 잡티케어,톤업케어 같이 원하시면 청귤을, 항산화와 피부결정돈에 더 도움받고 싶으시다면 카렌듈라 선택해주세요^^ 제품들이 단일성분에 집중해 개발, 제조되어서 전체적인 피부진정케어에는 도움이 되지만, 피부 컨디션에 따라 도움이 되는 정도의 차이는 개인차가 큰편입니다. 따라서 해당제품은 의약품이 아닌 스킨케어로의 활용을 권장해드리는 부분 꼭 참고해주시구요. 원물의 특성, 원하시는 케어 혹은 피부컨디션에 맞춤 사용될수 있도록 선택 부탁드리겠습니다. (사용전 반드시, 패치테스트 후 국소적인 사용감 확인해주세요) 다른 궁금하신 부분 있다면 언제든 메세지 남겨주세요~ 감사합니다",,,,,
제품관련,취급방법 및 효과,지성피부에 여드름이랑 색소침착이 있는 피부에 병풀이랑 어성초 중에 어떤제품이 더 나을까요?,"안녕하세요 고객님~ 원씽입니다. 원물의 특성을 고려해 메모해주신 피부컨디션에 맞춤사용될수 있도록 안내도와드리고 있지만, 피부컨디션에 따라 도움이 되는 정도가 다를 수 있으므로 해당제품은 의약품이 아닌 스킨케어로의 활용을 권장해드려요 ^^ 1. 화*성트러블이 주로 - 노폐물 배출에 도움이 되는 어성초 + 항염, 항균에 도움이 되는 청귤 or카렌듈라 추출물의 배합 사용 (염증성일경우 스팟케어로 티트리오일- 트*블 국소부위에 극소량 사용) 2. 좁쌀, 뾰루지 - 병풀 추출물 + 청귤or카렌듈라 추출물의 배합 활용 추천(항균,항염기능) 3. 피지케어 - 어성초 추출물(노폐물제거 도움), 유기농 호호바 오일(클렌징과정에서 첨가활용) 4. 여*름 자국으로 인한 색소침착 - 병풀 추출물 1,2번 배합활용 추천 제품 중 청귤, 카렌듈라 둘다 보습력이 높고 항균,항염에 도움이 되지만, 색소침착이나 잡티케어,톤업케어 같이 원하시면 청귤을, 항산화와 피부결정돈에 더 도움받고 싶으시다면 카렌듈라 선택해주세요^^ 제품들이 단일성분에 집중해 개발, 제조되어서 전체적인 피부진정케어에는 도움이 되지만, 피부 컨디션에 따라 도움이 되는 정도의 차이는 개인차가 큰편입니다. 따라서 해당제품은 의약품이 아닌 스킨케어로의 활용을 권장해드리는 부분 꼭 참고해주시구요. 원물의 특성, 원하시는 케어 혹은 피부컨디션에 맞춤 사용될수 있도록 선택 부탁드리겠습니다. (사용전 반드시, 패치테스트 후 국소적인 사용감 확인해주세요) 다른 궁금하신 부분 있다면 언제든지 메시지 남겨주세요~ 감사합니다:)",,,,,
제품관련,취급방법 및 효과,가끔 피부트러블있고 여드름은 전혀없고 민감한피부라 붉은기도 있어요... 피부진정을 위해 어성초랑 병풀이랑 어떤제품을 써야할까요,"안녕하세요 고객님~ 원씽입니다. 원물의 특성을 고려해 맞춤사용 될 수 있도록 안내 도와드리고 있지만, 피부 컨디션에 따라 도움되는 정도가 다를 수 있으므로 해당제품은 의약품이 아닌 스킨케어로의 활용을 권장해드려요. 눈여겨보셨던 2가지 제품 외 붉은기개선과 관련한 임상실험을 완료한 인진쑥 추출물을 함께 추천해드립니다. 참고부탁드리며, 다른 궁금하신 부분이 있다면 언제든 메시지 남겨주세요. 감사합니다 :)",,,,,
제품관련,취급방법 및 효과,건성피부인데 피부가 홍조가 잘 올라오는 피부예요 어떤 제품을 써야 하나요?,"안녕하세요 고객님~ 원씽입니다. 원물의 특성을 고려해 맞춤사용 될 수 있도록 안내 도와드리고 있지만, 피부 컨디션에 따라 도움되는 정도가 다를 수 있으므로 해당제품은 의약품이 아닌 스킨케어로의 활용을 권장해드려요 1. 건성피부 ; 보습케어 - 히알루론산에센스, 세럼 4종, 병풀수딩크림, 모이스처플러스크림 등 2. 붉은기 개선 - 인진쑥 추출물(임살실험완료) 민감도가 높을수록 패치테스트 및 국소적 사용감체크에 반드시 신경써주셔야합니다. 다른 궁금하신 부분이 있다면 언제든 편하게 메시지 남겨주세요. 감사합니다 :",,,,,
제품관련,취급방법 및 효과,중학생 여드름피부에는 어성초 스킨 하면 되는가요? 건조하다고할때 병풀수딩크림이랑 같이 쓸려고하는데 어떨까요?,"안녕하세요 고객님~ 원씽입니다. 원물의 특성을 고려해 메모해주신 피부컨디션에 맞춤사용될수 있도록 안내도와드리고 있지만, 피부컨디션에 따라 도움이 되는 정도가 다를 수 있으므로 해당제품은 의약품이 아닌 스킨케어로의 활용을 권장해드려요 ^^ 메모남겨주신 제품들은 모두 성분 확인 및 패치테스트 후 민감도가 없다면 단독 사용이 가능하며, 배합에 제한이 없기때문에 다음과 같은 순서로 활용해주세요. 어성초 스킨은 세안 후 토너, 스킨 등의 화장수로 활용해주시고, 패드로 진정케어 해주셔도 좋습니다. 추출물만으로 보습케어가 부족할수 있기때문에 말씀하신대로 병풀수딩크림으로 추가 관리 해주시면 도움되실거에요. 반드시 패치테스트, 국소적 사용감 체크 후 맞춤 사용해주세요. 감사합니다 :)",,,,,
제품관련,취급방법 및 효과,"안녕하세요. 항상 고생이 많으십니다. 평소 원씽 제품 잘 이용하고 있습니다. 기본 스킨케어 외에 갑자기 얼굴에 열이 올라서 볼이 화끈거리고 모공이 열리고 홍조가 올라올 때 수시로 사용할 수 있는 쿨링, 진정, 모공에 관련된 제품 추천 부탁드립니다.","안녕하세요 고객님~ 원씽입니다. 원물의 특성을 고려해 메모해주신 피부컨디션에 맞춤사용될수 있도록 안내도와드리고 있지만, 피부컨디션에 따라 도움이 되는 정도가 다를 수 있으므로 해당제품은 의약품이 아닌 스킨케어로의 활용을 권장해드려요 ^^ *붉은기 개선 - 인진쑥 추출물 (쿨링감을 위해 시원하게 보완 후 팩활용) * 모공케어 - 어성초 추출물, 나이아신아마이드 등 * 진정케어 - 인진쑥or병풀 추출물 + 청귤or카렌듈라 추출물의 배합 활용 추천 제품들이 단일성분에 집중해 개발, 제조되어서 전체적인 피부진정케어에는 도움이 되지만, 피부 컨디션에 따라 도움이 되는 정도의 차이는 개인차가 큰편입니다. 원물의 특성, 원하시는 케어 혹은 피부컨디션에 맞춤 사용될수 있도록 선택 부탁드리겠습니다. (사용전 반드시, 패치테스트 후 국소적인 사용감 확인해주세요) 궁금하신 부분이 생기면 언제든 메시지 남겨주세요~ 감사합니다:)",,,,,
제품관련,취급방법 및 효과,"지성피부에 컨디션안좋을때 여드름이나 모낭충 생기는 편인데, 현재 피부과 압출 이후 병풀성분으로 관리하려합니다. 이번에 스킨 새로사려다가 알게되었는데 / 1. 병풀+카렌듈라+히알루론산 배합해서 스킨대용으로 사용 가능할까요? / 2. 얼굴에 열감이 있는편인데, 미스트 대용으로 들고다니면서 뿌리기에도 히알루론산 7~8:병풀 2~3 배합 괜찮을까요? / 3. 배합후 소분해서 스프레이공병에 넣고 냉장보관하고 쓸건데, 배합후 남은 제품들은 용기째로 직사광선 없는 곳에 실온보관 가능한가요? ","안녕하세요 고객님~ 원씽입니다. 문의하신 내용 순차적으로 답변 드릴께요~ 우선 말씀하신 히알루론산 제품 - 히알루론산 에센스로 안내 드리겠습니다. ( 히알루론산 저분자1%원액 제품과 두종류 입니다) 1. 병풀+카렌듈라+ 히알루론산 에센스 = 배합비율 상관없이 자유롭게 배합하여 스킨으로 사용 가능합니다^^ (다만 히알루론산 에센스는 추출물 보다 점도가 있는 제형으로 미스트공병에 사용시 스프레이 분사감 고려하여 10%이내로만 첨가활용 해주세요- 그이상 첨가시 일자로 분사) 2. 피부 열감에는 차가운 성질을 지닌 인진쑥 추출물을 권해드립니다. 자극없이 피부진정에 도움되며 열감을 내려주어 붉은기 개선에 도움을 줍니다, (1번의 경우와 같이 미스트로 사용시 히알루론산 에센스는 추출물양의 10%만 첨가권해드려요^^) 3. 원씽 제품들은 화학적인 방부처리를 하지 않았기때문에 온도, 햇볕에 대한 관리가 조금 더 중요한편입니다. 직사광선이나 따뜻한곳에 오랜시간 노출되지만 않는다면 변질될 확률은 낮지만, 개봉전 제품 혹은 소분후 남은 제품에 대해 권장해드리는 보관방법은 직사광선을 피한, 냉암소 보관입니다. 냉장고 보관이 번거로우실 경우 실내 온도보다는 낮은 햇볕이 들지 않는 곳에 보관 추천해드리구요. 냉장보관했던 제품을 다시 실온에서 사용하는 것에 대한 염려를 가지실수 있는데, 제품이 개발되고 출시되기까지 적정 온도 및 변화온도에 대한 실험도 동반하게 됩니다. 따라서, 25도 이상, 2도 이하의 온도가 아니라면 변질이 되거나 사용에 불편함은 없으실 거에요. ^^ 제품들이 단일성분에 집중해 개발, 제조되어서 전체적인 피부진정케어에는 도움이 되지만, 피부 컨디션에 따라 도움이 되는 정도의 차이는 개인차가 큰편입니다. 원물의 특성, 원하시는 케어 혹은 피부컨디션에 맞춤 사용될수 있도록 선택 부탁드리겠습니다. (반드시, 사용전 패치테스트 후 국소적인 사용감 확인해주세요) 편안한 하루 되세요~ 감사합니다 :)",,,,,
제품관련,취급방법 및 효과,8세 아이가 써도 괜찮은 제품 추천해주세요 볼에 좁쌀여드름이 있고 화농성 붉은끼는 없습니다.,"안녕하세요 고객님~ 원씽입니다. 원씽 제품은 천연원물을 사용하고, ewg그린등급의 안전한 원료만으로 처방되어있는 제품이므로, 전성분을 고려해 8세아이의 경우에도 사용이 가능합니다. (단, 민감한 그리고 피부면역력 등이 자리잡히지 않은 24개월 이하 유아에게는 사용을 권해드리지 않습니다.) 다만, 천연원물만으로 추출한 제품이라 대부분 자극이 적다할지라도, 원물에 대한 민감도를 나타낼수 있기때문에 반드시 패치테스트를 해주셔야 합니다. 또한, 아이가 평소 사용하던 로션, 크림 중 무난하게 사용했던 제품, 혹은 아이에게 맞지않았던 제품의 전성분 체크가 가능하시다면 추후 제품 선택시 도움이 되더라구요. 현재 원씽의 판매제품중 티트리오일만 자극성이 강해 임산부와 어린이의 사용을 금지하고 있으며 그외 제품들은 모두 사용이 가능합니다. *원물의 특성을 고려해 메모해주신 피부컨디션에 맞춤사용될수 있도록 안내도와드리고 있지만, 피부컨디션에 따라 도움이 되는 정도가 다를 수 있으므로 해당제품은 의약품이 아닌 스킨케어로의 활용을 권장해드려요 ^^ 좁쌀,뾰루지- 병풀 or 어성초 + 청귤or카렌듈라 추출물의 배합 활용 추천(항균,항염기능) : 민감한 피부라면 병풀을, 지성에 피지가 많은 편이라면 어성초 선택해주세요~ 제품들이 단일성분에 집중해 개발, 제조되어서 전체적인 피부진정케어에는 도움이 되지만, 피부 컨디션에 따라 도움이 되는 정도의 차이는 개인차가 큰편입니다. 따라서 해당제품은 의약품이 아닌 스킨케어로의 활용을 권장해드리는 부분 꼭 참고해주시구요. 원물의 특성, 원하시는 케어 혹은 피부컨디션에 맞춤 사용될수 있도록 선택 부탁드리겠습니다. (사용전 반드시, 패치테스트 후 국소적인 사용감 확인해주세요) 안전을 더 필요로하는 시기인만큼 신중한 선택이 되어야하므로 작은 부분 하나라도 궁금하신 부분이 있으시다면 언제든지 편하게 연락주세요. 감사합니다:)",,,,,
제품관련,취급방법 및 효과,"수분 부족형지성이라 트러블이 나는편입니당 트러블케어랑 트러블자국개선,수분충전 원하면 어떤제품이 가장 적합한가요?!","안녕하세요 고객님~ 원씽입니다 ^^ 수부지일경우 다양한 케어가 필요하지만, 우선적으로 트러블케어, 수분충전을 원하시면 병풀추출물+인진쑥추출물의 배합사용을 추천해드립니다. 만약, 한가지제품만 먼저 사용하고 싶으시다면(처음사용하실경우 여러가지 제품을 선택하기 부담스러울수 있거든요^^) 병풀추출물을 먼저 선택하시면 좋을 것 같아요. 원씽 추출물에는 천연원물자체가 갖는 보습과 천연보습원료인 1,2-헥산디올이 포함되어있어 전반적으로 수분충전에도 도움이 됩니다. 스킨대용 혹은 팩으로 활용하시면되구요. 제품 사용방법은 제품출고시 패키지에도 설명서(간단설명서)가 동봉되어있는데, 다양한 활용방법이 궁금하실 경우 언제든 편하게 연락주세요. 따뜻한 주말 보내시구요~~ 원씽에 관심가지고 문의해주셔서 감사드립니다. 따뜻한 주말 보내세요~~ :)",,,,,
제품관련,취급방법 및 효과,남자 에프터쉐이브용으로 카란듈라 꽃입 추출물을 구매하려고 하는데 다른제품과 배할해서 쓸만한 제품 추천해주세요 ,"안녕하세요 고객님~ 원씽입니다. 주말 잘 보내셨어요?? 원물의 특성을 고려해 메모해주신 피부컨디션에 맞춤사용될수 있도록 안내도와드리고 있습니다. 우선, 카렌듈라 추출물의 활용을 메인으로 하시면서, 원물의 특성상 항염/항균에 도움이 되는 청귤 추출물을 배합하여 활용하시면 좋을 것 같습니다. 카렌듈라 60~80% + 청귤 추출물 20~40% --> 사용감 보면서 비율 조절 반드시, 패치테스트 후 단독으로 국소적인 사용감 체크 하신뒤에 배합활용해주세요. 사용중에라도 궁금하신 부분이 생기면 언제든지 편하게 메시지 남겨주시구요~~ 따뜻한 하루 되세요. 감사합니다 :)",,,,,
제품관련,취급방법 및 효과,안녕하세요. 키엘 카렌듈라 토너를 쓴 적이 있는데 제가 민감성 피부도 아닌데도 그때 좀 따갑고 자극적이었던 기억이 있어서요. 이 제품은 사용해도 괜찮을까요? 그리고 원액이라고 해도 정제수랑 섞인 제품인거죠? 비율이 어느정도인지도 써주시면 좋을거 같아요.,"안녕하세요 고객님~ 원씽입니다. 원씽 카렌듈라 추출물을 특정 브랜드 제품과 비교하기 보다.. 원물에서부터 완제품까지 오랜시간동안 고민하고, 개발한 원씽 제품으로 안내해드리자면.. 1. ewg 1등급 2. 피부 무자극 테스트 완료 3. 페녹시에탄올 무첨가, 유해한 화학적 보존제 무첨가, 중금속 불검출 등 좋은 제품으로 안전하고 편안한 사용을 위해 제조사의 연구소와 함께 제품개발을 별도로 진행하고 있습니다. 참고로, 원씽추출물은 한가지 원물(인진쑥, 병풀, 어성초, 카렌듈라, 청귤, 브로콜리 등 단일원물)만을 사용하여 추출하고, 추출 이후 정제수로 희석하지 않은 100% 추출물입니다. 안심, 맞춤 사용을 위해 전성분확인 및 패치테스트는 꼭 해주시구요. 궁금하신 부분이 있다면 언제든지 편하게 메시지 남겨주세요. 감사합니다 :)",,,,,
제품관련,취급방법 및 효과,"얼굴 양볼에 화상을 입었었기에 아주 조금만 안 맞으면 심각하게 반응을 보이고 있어서 다른 화장품을 시도하기에 쉽지 않은 편인데, 좀 더 천연적이고 건강한 화장품이 욕심이 나서 구매 전 문의 글 남깁니다. 극 예민성일때엔 어떤 제품을 최초로 시도하면 좋을까 해서요. 카렌듈라 구매할까하다 구매 전, 확인 차 도움을 받고자 여쭤봅니다","안녕하세요 고객님~ 원씽입니다. 원물의 특성을 고려해 메모해주신 피부컨디션에 맞춤사용될수 있도록 안내도와드리고 있지만, 피부컨디션에 따라 도움이 되는 정도가 다를 수 있으므로 해당제품은 의약품이 아닌 스킨케어로의 활용을 권장해드려요 ^^ 말씀하신 카렌듈라 꽃잎 추출물의 경우에도 ewg 1등급 + 피부무자극테스트가 완료된 제품입니다. 앞서 말씀드린대로 도움이 되는 정도의 차이는 피부컨디션에 따라 차이가 있기때문에 반드시 패치테스트 후 국소적인 사용감체크하신뒤에 맞춤 활용, 사용을 추천해드립니다. 고객님께 맞춤 사용이 될수 있도록 안내도와드리고 있으므로, 다른 궁금하신 부분이 있다면 언제든지 편하게 메시지 남겨주시구요.. 건강챙기시는 하루 되세요. 감사합니다 :",,,,,
제품관련,취급방법 및 효과,제가 지성피부입니다 30대 중반이라 뾰루지가끔 생기고 피지분비물때문에 적절히 조절되는 스킨을 찾고있어요 어성초 쑥 중에 고민인데 ..그리고 스킨대용으로 써도 되나요??,"안녕하세요 고객님~ 원씽입니다. 피부타입이 비슷하다고 해도 고객님들마다 좋아하는 제품이 조금씩 다르지만, 원씽 제품중 고객님 피부 컨디션에는 어성초 혹은 병풀이 도움이 될 것 같습니다. 화장품 원료로 사용되는 제품인만큼 패치테스트는 꼭 해주시고, 단독사용(스킨, 미스트, 토너 대용) 혹은 배합, 첨가사용이 가능하므로 다양하게 활용해주시면 좋을 것 같아요 ^^ 궁금하신 부분이 있다면 언제든지 연락주시구요. 멋진 하루 되세요. 감사합니다 :)",,,,,
제품관련,취급방법 및 효과,제가 초초초초 예민하고 알러지에 예민한 피부면서 건조한 피부인데요 4가지 중에 어느것을 써야할까요ㅠㅠ 제품 특징보면 다 써보고는 싶은데 제품 잘못쓰면 뒤집어져버려서요 ㅠㅠ,"안녕하세요 고객님~ 원씽입니다. 고객님의 피부 컨디션에서는 제품 사용이 매우 조심스러우실거에요. 인진쑥 추출물이나 갈락토미세스 제품을 추천해드릴수 있을 것 같은데요. 혹시, 기존에 천연원물로 제조된 제품을 써보신 적이 있으셨나요? 원씽 제품의 성분은 ewg1등급이지만 고객님께서 기존 사용제품중 민감도를 나타냈던 성분이 있는지 체크가 필요할 것 같습니다. 패치테스트, 희석/배합/첨가 사용 등 조금 더 디테일하게 설명이 필요하시다면 언제든지 연락주세요. 조심스러워하시는 만큼 세심한 안내 도와드리겠습니다. 행복한 하루 되세요. 감사합니다 :)",,,,,
제품관련,취급방법 및 효과,가장 최근에 만들어진 제품으로 부탁드려요^^,안녕하세요. 고객님~ 원씽입니다. 병풀 추출물 150ml의 경우 현 출고 기준 22년 4월 제품 출고되는 점 참고 부탁드립니다. 다른 궁금하신 부분이 있다면 언제든 편하게 문의 남겨주세요. 감사합니다. :),,,,,
제품관련,취급방법 및 효과,정말 정말 정말 예민한피부고 홍조도 심하구요 피부도 엄청 얇은 피부예요 어떤거 사용하면 좋을까요??추천해주세요,"안녕하세요. 고객님~ 원씽입니다. 원물의 특성을 고려해 맞춤 사용 될 수 있도록 안내 도와드리고 있지만, 피부 컨디션에 따라 도움 되는 정도가 다를 수 있으므로 해당 제품은 의약품이 아닌 스킨케어로의 활용을 권장해 드립니다. 예민한 피부일수록 사용 전에 반드시 패치 테스트 및 국소적 사용감 체크 후 사용해주세요. -홍조,붉은기 진정 → 인진쑥 추출물 -진정 → 어성초,병풀,카렌듈라 꽃잎 추출물 다른 궁금하신 부분이 있다면 언제든 편하게 문의 남겨주세요. 감사합니다.",,,,,
제품관련,취급방법 및 효과,어제 주문해거 다 받았는데요...율무랑 같이 쓰고싶은데 병풀이랑 율무 뭐부터 쓰는게 좋아욤?,"안녕하세요. 고객님~ 원씽입니다. 우선, 저희 상품 구매해 주셔서 감사합니다. 두 제품 모두 패치 테스트 및 국소적 사용감 체크 후 사용해 주시고, 각각 단독 사용 후 사용감이 괜찮으시다면 배합해서 사용하셔도 괜찮습니다. 순서에 제한은 없지만 만약 따로 사용을 원하신다면, 좀 더 물 같이 가벼운 제형의 병풀 → 촉촉한 율무 순으로 사용 하시는 것을 권장드립니다. 또한, 사용 전에 반드시 패치 테스트 및 국소적 사용감 체크 부탁드립니다. 다른 궁금하신 부분이 있다면 언제든 편하게 문의 남겨주세요. 감사합니다. :)",,,,,
제품관련,취급방법 및 효과,중학생 남자아이 여드름 피부에 사용할수 있는걸로 ㅈ두천 부탁드립니다. 화농성 여드름은 아니지만 붉어지다 블랙헤드로(?)로 변하고 여드름 흉터가 많아요,"안녕하세요 고객님~ 원씽입니다. 원씽 제품의 전성분(ewg그린등급)을 고려해 중학생의 경우에도 사용이 가능합니다. 다만, 천연원물만으로 추출한 제품이라 대부분 자극이 적다할지라도, 원물에대한 민감도를 나타낼수 있기때문에 반드시 패치테스트를 해주세요. 원물의 특성을 고려해 메모해주신 피부컨디션에 맞춤사용될수 있도록 안내도와드리고 있지만, 피부컨디션에 따라 도움이 되는 정도가 다를 수 있으므로 해당제품은 의약품이 아닌 스킨케어로의 활용을 권장해드려요 ^^ 1. 붉은 트러블- 인진쑥추출물 + 청귤or카렌듈라 추출물의 배합 활용 추천(항균,항염기능) 2. 좁쌀, 뾰루지 -병풀 추출물 + 청귤or카렌듈라 추출물의 배합 활용 추천(항균,항염기능) 3. 피지케어 - 어성초 추출물(노폐물제거 도움), 유기농 호호바 오일(클렌징과정에서 첨가활용) 4. 여*름 자국으로 인한 색소침착 - 병풀 추출물 5. 트*블 피부의 세안용 제품- 어성초티트리 천연비누 *호호바오일의 피지케어(블랙헤드,화이트헤드) 1. 세안 후 스팀타올을 사용하여 불려주시거나 ,추출물을 화장솜에 적셔 15분정도 올려두고 불려주세요. 2. 호호바오일을 코,턱 등 스팟부위에 바르고 2분이상 가볍게 마사지 해주세요. 3. 물 세안 후 폼 클렌저로 세안해 주세요. 제품들이 단일성분에 집중해 개발, 제조되어서 전체적인 피부진정케어에는 도움이 되지만, 피부 컨디션에 따라 도움이 되는 정도의 차이는 개인차가 큰편입니다. 따라서 해당제품은 의약품이 아닌 스킨케어로의 활용을 권장해드리는 부분 꼭 참고해주시구요. 원물의 특성, 원하시는 케어 혹은 피부컨디션에 맞춤 사용될수 있도록 선택 부탁드리겠습니다. (사용전 반드시, 패치테스트 후 국소적인 사용감 확인해주세요) 다른 궁금하신 부분 있다면 언제든 메세지 남겨주세요~ 감사합니다",,,,,
제품관련,취급방법 및 효과,"성분 추천 문의드립니다! 아토피가 있는 민감성, 건성피부입니다(여드름성이었으나 현재는 자국만 남아있습니다) 올해 봄쯤에 원씽에서 병풀,어성초를 구입하여 스킨에 10% 섞어서 쓰고 있습니다. (단독으로는 둘 다 저에게는 자극이 되었습니다) 그 중에서도 어성초가 조금 더 잘 맞아서 7:3정도로 배합하여 사용하고 있습니다! 잘 사용하고 있으나 이따금씩 올라오는 좁쌀을 진정시키기 위해 이번에 카렌듈라or인진쑥 중에 하나를 추가하고자 하는데 어떤 제품이 더 적합할까요..?","안녕하세요 고객님~ 원씽입니다. 원씽의 모든 추출물은 전성분 EWG그린등급으로 피부무자극테스트가 완료 되었지만, 고객님들의 피부 컨디션에 따라 민감도를 보일 수 있습니다. 고객님 아마도 아토피가 있는 민감성 피부이다 보니 , 진정케어로의 도움되는 정도는 차이가 클 수 있는데요, 적절하게 희석,배합 사용 으로 도움 받고 계시다니 너무 감사합니다^^ 좁쌀에는 병풀 or 인진쑥 + 항균, 항염에 도움되는 청귤 or 카렌듈라의 배합활용 권해드리고 있는데요 현재 병풀과 어성초를 사용중이셔서 인진쑥 보다는 청귤 or 카렌듈라 중 한가지의 배합활용 권해 드릴께요~ 청귤, 카렌듈라 둘다 보습력이 높고 항균,항염에 도움이 되지만, 색소침착이나 잡티케어,톤업케어 같이 원하시면 청귤을, 항산화와 피부결정돈에 더 도움받고 싶으시다면 카렌듈라 선택해주세요^^ 제품들이 단일성분에 집중해 개발, 제조되어서 전체적인 피부진정케어에는 도움이 되지만, 피부 컨디션에 따라 도움이 되는 정도의 차이는 개인차가 큰편입니다. 따라서 해당제품은 의약품이 아닌 스킨케어로의 활용을 권장해드리는 부분 꼭 참고해주시구요. 원물의 특성, 원하시는 케어 혹은 피부컨디션에 맞춤 사용될수 있도록 선택 부탁드리겠습니다. (사용전 반드시, 패치테스트 후 국소적인 사용감 확인해주세요) 사용중에라도 궁금하신 부분이 생기면 편하게 메시지 남겨주세요~ 감사합니다:)",,,,,
제품관련,취급방법 및 효과,초5여지아인데 이제사춘기라 피지와 여ㄷㄹ이 막막올라와요.ㅠㅠ종류가 많아 어떤걸 어떻게 사용해야하는지 좀가르쳐주세요,"안녕하세요 고객님~ 원씽입니다. 원씽 제품의 전성분(ewg그린등급)을 고려해 초등학생의 경우에도 사용이 가능합니다. 다만, 천연원물만으로 추출한 제품이라 대부분 자극이 적다할지라도, 원물에대한 민감도를 나타낼수 있기때문에 반드시 패치테스트를 해주셔야 합니다. 또한, 아이가 평소 사용하던 로션, 크림 중 무난하게 사용했던 제품, 혹은 아이에게 맞지않았던 제품의 전성분 체크가 가능하시다면 추후 제품 선택시 도움이 되더라구요.~ 원물의 특성을 고려해 메모해주신 피부컨디션에 맞춤사용될수 있도록 안내도와드리고 있지만, 피부컨디션에 따라 도움이 되는 정도가 다를 수 있으므로 해당제품은 의약품이 아닌 스킨케어로의 활용을 권장해드려요 ^^ 1. 화*성트러블이 주로 - 노폐물 배출에 도움이 되는 어성초 + 항염, 항균에 도움이 되는 청귤 or카렌듈라 추출물의 배합 사용 (염증성일경우 스팟케어로 티트리오일- 트*블 국소부위에 극소량 사용) 2. 좁쌀, 뾰루지, 붉은 트러블 - 인진쑥or병풀 추출물 + 청귤or카렌듈라 추출물의 배합 활용 추천(항균,항염기능) 3. 피지케어 - 어성초 추출물(노폐물제거 도움), 유기농 호호바 오일(클렌징과정에서 첨가활용) 4. 여*름 자국으로 인한 색소침착 - 병풀 추출물 제품들이 단일성분에 집중해 개발, 제조되어서 전체적인 피부진정케어에는 도움이 되지만, 피부 컨디션에 따라 도움이 되는 정도의 차이는 개인차가 큰편입니다. 따라서 해당제품은 의약품이 아닌 스킨케어로의 활용을 권장해드리는 부분 꼭 참고해주시구요. 원물의 특성, 원하시는 케어 혹은 피부컨디션에 맞춤 사용될수 있도록 선택 부탁드리겠습니다. (사용전 반드시, 패치테스트 후 국소적인 사용감 확인해주세요) 다른 궁금하신 부분 있다면 언제든 메세지 남겨주세요 감사합니다:",,,,,
제품관련,취급방법 및 효과,지인이 좋다고 카렌듈라를 선물해 줘서 사용하고 있습니다~다른 추출물도 사용해보고 싶은데 추천 부탁드립니다^^ 보습 위주로요~~ 카렌듈라와 함께 사용하면 좋은 추출물로 추천해 주시면 감사드리겠습니다~!,"안녕하세요 고객님~ 원씽입니다. 관심가지고 문의해주셔서 감사드립니다. 메모해주신 보습케어에 도움이 될만한 제품을 원물의 특성을 고려해 추천해드린다면.. 1. 추출물 - 보습감 있는 청귤, 브로콜리, 카렌듈라 추출물 등 2. 그외제품들- 히알루론산 에센스(단독사용가능)-피부속과겉 이중보습 히알루론산 저분자(2~5%첨가사용-최대5%이내)- 속건조케어 유수분밸런스에 도움이 되는 유기농 호호바 오일 수부지 개선에 도움되는 레스베라트롤 스마트캡슐(10%이내첨가) 추출물과의 배합은 DIY특성상 배합이 정해져있지않고 피부컨디션, 사용감에 따라 조절해주시면 되구요~ 피부컨디션에 따라 도움이 되는 정도가 달라 활용하는 방법도 다양해질수 있으므로, 맞춤 사용 권장해드리며, 사용중에라도 다른 궁금하신 부분이 있다면 언제든지 편하게 메시지 남겨주세요. 편안한 하루 되세요~ 감사합니다 :)",,,,,
제품관련,취급방법 및 효과,카렌듈라 추출물 너무 순하고 촉촉해 가장 많이 사용중인데..혹시 카렌듈라토너로 유명한 k브랜드처럼 대용량 출시 계획은 없으실까요~~ 300미리 사도 팩하구 여기저기 섞어쓰구 바디에도 바르다보니^^; 넘 금방쓰네요.,"안녕하세요 고객님~ 원씽입니다. 해당제품의 경우 원물의 특성상 보습도가 조금 더 높은 편인데, 사용감 괜찮으셨어요?? ^^ 현재, 추출물은 150ml or(and) 300ml 용량으로 제조되고있고, 첨가량에 제한이 있거나 제품의 특성에 맞춰 150ml 이하로 충포장 되고있습니다. 고객님들의 의견 충분히 수렴해 추후 제품 개발시 용량에 있어서도 다양한 선택이 될수있도록 참고하겠습니다. 따뜻한 의견 감사드리며~ 사용중에라도 다른 궁금하신 부분이 있다면 언제든지 편하게 메시지 남겨주세요. 감사합니다 :)",,,,,
제품관련,취급방법 및 효과,"지금까지 원씽의 병풀, 청귤 추출물만 사용했는데 다른 제품으로 바꾸고 싶어서 상담받으려고 문의글 남겨요. 병풀과 청귤이 여드름 상처를 회복하는 데 도움이 되기는 했으나 좁쌀과 화농성 여드름은 지속적으로 생기고 있어서 어떤 제품으로 써 보는 게 나을까요? 답변해주시면 감사하겠습니다:-)","안녕하세요 고객님~ 원씽입니다. 원물의 특성을 고려해 메모해주신 피부컨디션에 맞춤사용될수 있도록 안내도와드리고 있지만, 피부컨디션에 따라 도움이 되는 정도가 다를 수 있으므로 해당제품은 의약품이 아닌 스킨케어로의 활용을 권장해드려요 ^^ 1. 화*성트러블이 주로 - 노폐물 배출에 도움이 되는 어성초 + 항염, 항균에 도움이 되는 청귤 or카렌듈라 추출물의 배합 사용 (염증성일경우 스팟케어로 티트리오일- 트*블 국소부위에 극소량 사용) 2. 좁쌀, 뾰루지, 붉은 트러블 - 인진쑥or병풀 추출물 + 청귤or카렌듈라 추출물의 배합 활용 추천(항균,항염기능) 3. 여*름 자국으로 인한 색소침착 - 병풀 추출물 4. 트*블 피부의 세안용 제품- 어성초티트리 천연비누 고객님 화농성이 지속적으로 생기고 있다면 메인 진정케어 제품을 어성초로, 붉은트러블이 많다면 인진쑥으로 한번 바꿔 사용해 보시는것도 추천드립니다. 항염,항균에 도움되는 청귤 or카렌듈라 중 한 제품과의 배합사용은 꾸준히 활용해 주시구요~ 물론 어성초로 화농성 케어 해주시면서 좁쌀이나 색소침착 부분은 계속 병풀, 청귤로 케어해 주셔도 괜찮습니다. 스킨케어 전 가장 중요한 단계인 세안제품도 함께 권해드릴께요~ 어성초 티트리비누는 전성분 EWG 그린등급으로 화학성분이 전혀 없는 자연유래 성분의 천연비누로 뭉개짐 없이 단단하고 , 문제성피부에 도움(어성초,티트리성분)되며 세정력이 좋고 특별히 배합된 천연오일 성분때문에 세안 후에도 당기지않고 촉촉하게 보습감이 유지됩니다. ^^ 제품들이 단일성분에 집중해 개발, 제조되어서 전체적인 피부진정케어에는 도움이 되지만, 피부 컨디션에 따라 도움이 되는 정도의 차이는 개인차가 큰편입니다. 따라서 해당제품은 의약품이 아닌 스킨케어로의 활용을 권장해드리는 부분 꼭 참고해주시구요. 원물의 특성, 원하시는 케어 혹은 피부컨디션에 맞춤 사용될수 있도록 선택 부탁드리겠습니다. (반드시, 패치테스트 후 국소적 사용감 확인해주세요) 감사합니다:)",,,,,
제품관련,취급방법 및 효과,원액인데 그냥 닦토 해주면 되나요?? 아님 다른 제품과 희석해서 사용해야힐까요? 몇일 사용했는데 너무 따가워요 ㅜㅜ 저는 턱드름만 화농성처럼 최근에 많이 나고 살짝 건조한 타입입니다! 다른 제품도 추천 부탈드려용,"안녕하세요 고객님~ 원씽입니다. 원물의 특성을 고려해 메모해주신 피부컨디션에 맞춤사용될수 있도록 안내도와드리고 있지만, 피부컨디션에 따라 도움이 되는 정도가 다를 수 있으므로 해당제품은 의약품이 아닌 스킨케어로의 활용을 권장해드려요 ^^ *트*블 진정케어 1. 화*성트러블이 주로 - 노폐물 배출에 도움이 되는 어성초 + 항염, 항균에 도움이 되는 청귤 or카렌듈라 추출물의 배합 사용 (염증성일경우 스팟케어로 티트리오일- 트*블 국소부위에 극소량 사용) 2. 여*름 자국으로 인한 색소침착 - 병풀 추출물 3. 트*블 피부의 세안용 제품- 어성초티트리 천연비누 1,2번 배합추천제품 중 청귤, 카렌듈라 둘다 보습력이 높고 항균,항염에 도움이 되지만, 색소침착이나 잡티케어,톤업케어 같이 원하시면 청귤을, 항산화와 피부결정돈에 더 도움받고 싶으시다면 카렌듈라 선택해주세요^^ 원씽의 추출물은 피부무자극 테스트가 완료되었지만 고객님들의 피부컨디션에 따라 민감도가 다를 수 있습니다. 사용전 꼭 패치테스트를 해주시구요, 단독사용시 민감도가 있다면 첨가,배합 희석활용 권해드리며 팩사용보다는 토너,미스트로 사용 권해드립니다. *보습케어 1. 히알루론산 에센스(단독사용가능)-피부속과겉 이중보습 히알루론산 저분자(다른제품에 2%~최대5%첨가사용 : 단독사용불가)- 속건조케어 2. 유기농 호호바 오일- 보습력이 높고 피부장벽회복과 유수분밸런스에 도움 3. 병풀수딩크림- 끈적임 없이 피부진정, 가벼운 에센스제형 4. 모이스처 플러스크림-자연유래성분의 천연보습크림 제품들이 단일성분에 집중해 개발, 제조되어서 전체적인 피부진정케어에는 도움이 되지만, 피부 컨디션에 따라 도움이 되는 정도의 차이는 개인차가 큰편입니다. 따라서 해당제품은 의약품이 아닌 스킨케어로의 활용을 권장해드리는 부분 꼭 참고해주시구요. 원물의 특성, 원하시는 케어 혹은 피부컨디션에 맞춤 사용될수 있도록 선택 부탁드리겠습니다. (사용전 반드시, 패치테스트 후 국소적인 사용감 확인해주세요) 감사합니다:",,,,,
제품관련,취급방법 및 효과,"피부염으로 고생하고 있던 중에 원씽 어성초 토너 알게 되고 많은 도움을 받았어요. 일단 감사드립니다:) 재주문 하기 전에 후기를 보니까 병풀, 인진쑥 토너도 많이 주문하시더라고요. 제가 민감성+홍조+좁쌀 여드름 복합적으로 나타나는 피부인데, 세 가지를 어떻게 배합해서 사용하는 것이 좋을지 여쭤보고 싶어요! 다시 한 번 감사드립니다.","안녕하세요 고객님~ 원씽입니다. 원물의 특성을 고려해 맞춤사용 될 수 있도록 안내 도와드리고 있지만, 피부 컨디션에 따라 도움되는 정도가 다를 수 있으므로 해당제품은 의약품이 아닌 스킨케어로의 활용을 권장해드려요. 1. 민감성 - 반드시 패치테스트, 국소적 사용감 체크 후 맞춤활용해주세요. 2. 붉은기 - 인진쑥 추출물 3. 좁쌀 - 병풀, 인진쑥 배합비율에는 크게 제한이 없기때문에 사용감 보면서 조절해주세요. 민감도가 높을수록 패치테스트 및 국소적 사용감체크에 반드시 신경써주셔야합니다. 다른 궁금하신 부분이 있다면 언제든 편하게 메시지 남겨주세요. 감사합니다 :)",,,,,
제품관련,취급방법 및 효과,"지루성피부염이 있는데요. 병풀 원액, 어성초 원액, 히알루론산 세 개를 섞어서 사용해도 될까요? 된다면 몇 대 몇 비율로 몇미리 공병에 어떻게 사용해야하나요? 미스트? 스킨처럼 톡톡?","안녕하세요. 고객님 원씽입니다. 원씽의 모든 추출물, 히알루론산 에센스는 전성분 ewg그린등급으로 피부 저자극 테스트(무자극)가 완료되어 성분 및 패치테스트 후 민감도가 없을 경우 단독 사용이 가능하며, 첨가, 배합, 활용도 괜찮습니다. (스킨, 토너, 미스트, 크림, 스킨팩등 다양한 활용 가능) 추출물 자체만으로 화장수로 사용이 가능한 성분, 함량이므로 다양하게 활용해주세요. 추출물 간의 배합은 2종~3, 4종 배합 모두 괜찮으며, DIY특성상 배합비율이 정해져 있지 않고 피부 컨디션, 사용감에 따라 조절, 자유롭게 배합해주세요. 히알루론산에센스 역시 패치테스트 후 민감도가 없을 경우 단독, 첨가, 배합사용이 가능하며, 기존 사용중인 크림에 배합, 첨가 활용하셔도 괜찮습니다. 참고로 지루성 피부염은 화장품으로의 개선은 힘들지만 적합한 제품으로 꾸준히 케어 해주시면, 진정 케어에는 도움될 수 있으나, 제품들이 단일성분에 집중해 개발, 제조되어서 전체적인 피부진정 케어에는 도움이 될 수 있다하더라도, 피부 컨디션에 따라 도움이 되는 정도의 차이는 개인차가 큰 편이므로 해당제품은 의약품이 아닌 스킨케어로의 활용을 권장해드립니다. 원물의 특성을 고려해 제품을 선택했다 하더라도 도움이 되는 정도의 차이는 있기 때문에 지속적인 맞춤 사용 권장해드립니다. (반드시, 패치테스트 후 국소적인 사용 감 확인해주세요) 사용중에라도 다른 궁금하신 부분이 있다면 언제든지 메시지 남겨 주세요. 감사합니다 :)",,,,,
제품관련,취급방법 및 효과,처음 알게되어 살펴 보다가 질문 하는게 더 빠를 것 같아서요. 제품 추천을 해주세요. 제 피부는 약간 중.건성이고요. 코에 모공이 넓어요,"안녕하세요 고객님~ 원씽입니다. 원물의 특성을 고려해 메모해주신 피부컨디션에 맞춤사용될수 있도록 안내도와드리고 있지만, 피부컨디션에 따라 도움이 되는 정도가 다를 수 있으므로 해당제품은 의약품이 아닌 스킨케어로의 활용을 권장해드려요 ^^ *모공케어 - 어성초 추출물( 피부 노폐물 배출에 도움) , 유기농 호호바오일 ( 클렌징 과정에 첨가활용) --> 호호바오일의 피지 케어 (호호바오일은 피지와 유사한 구조로 부드럽게 피지를 녹여주어 자극과 모공 손상없이 피지개선에 도움) 1. 세안 후 스팀타올을 사용하여 불려주시거나 ,추출물을 화장솜에 적셔 15분정도 올려두고 불려주세요. 2. 호호바오일을 코,턱 등 스팟부위에 바르고 2분이상 가볍게 마사지 해주세요. 3. 물 세안 후 폼 클렌저로 세안해 주세요. *중,건성 피부 보습케어 1. 비피다원액( 높은 보습력과 풍부한 영양), 프로폴리스꿀( 피부진정과 영양) 그외 보습감이 높은 추출물- 청귤( 톤업, 잡티케어에 도움), 브로콜리(주름과 미백관리에 도움), 카렌듈라(피부자극개선과 결개선에 도움) 등 2. 레스베라트롤(5~10%이내첨가사용)-민감성,수부지 피부 보습케어에 도움 3. 히알루론산1%저분자 원액- 추출물이나 에센스,크림등에 5%이내로 첨가사용(속건조케어) 4. 유기농호호바오일- 유수분밸런스유지에 도움 5. 병풀수딩크림-끈적임없이 피부진정, 부드럽고 촉촉하게 발리는 에센스타입 제형, 피부저자극테스트완료 제품들이 단일성분에 집중해 개발, 제조되어서 전체적인 피부진정케어에는 도움이 되지만, 피부 컨디션에 따라 도움이 되는 정도의 차이는 개인차가 큰편입니다. 따라서 해당제품은 의약품이 아닌 스킨케어로의 활용을 권장해드리는 부분 꼭 참고해주시구요. 원물의 특성, 원하시는 케어 혹은 피부컨디션에 맞춤 사용될수 있도록 선택 부탁드리겠습니다. (사용전 반드시, 패치테스트 후 국소적인 사용감 확인해주세요) 다른 궁금하신 부분 있다면 언제든 메세지 남겨주세요 감사합니다:",,,,,
제품관련,취급방법 및 효과,요즘 이마에 뾰루지가 이 하나씩생겨 굉장히신경쓰이네요 뾰루지가올라올려고 하면 너무가렵구요ㅠ 저녁되면 얼굴에 기름도 생기구여 속건조도 좀 있는거같아요 어떤걸써야 좋을지 답변부탁드립니다,"안녕하세요 고객님~ 원씽입니다. 원물의 특성을 고려해 메모해주신 피부컨디션에 맞춤사용될수 있도록 안내도와드리고 있지만, 피부컨디션에 따라 도움이 되는 정도가 다를 수 있으므로 해당제품은 의약품이 아닌 스킨케어로의 활용을 권장해드려요 ^^ *속건조케어- 히알루론산1%저분자원액: 속건조케어( 속보습), 피부탄력과 결개선 에 도움,꼭 다른제품( 추출물, 에센스, 크림 등)에 2%~최대5%이내로 첨가활용 -->첨가활용이 번거로우신 경우 단독사용 가능한 히알루론산에센스( 피부속과겉 이중보습) 권해드립니다. *트러블 진정케어 1. 화*성트러블이 주로 - 노폐물 배출에 도움이 되는 어성초 + 청귤 or카렌듈라 추출물의 배합 사용 (염증성일경우 스팟케어로 티트리오일- 트*블 국소부위에 극소량 사용) 2. 좁쌀, 뾰루지, 붉은 트러블 - 인진쑥or병풀 추출물 + 청귤or카렌듈라 추출물의 배합 활용 추천 3. 여*름 자국으로 인한 색소침착 - 병풀 추출물 4. 트*블 피부의 세안용 제품- 어성초티트리 천연비누 1,2번 배합추천제품 중 청귤, 카렌듈라 둘다 보습력이 높고 피부염증을 줄이는데에 도움이 되지만, 색소침착이나 잡티케어,톤업케어 같이 원하시면 청귤을, 항산화와 피부결정돈에 더 도움받고 싶으시다면 카렌듈라 선택해주세요^^ 제품들이 단일성분에 집중해 개발, 제조되어서 전체적인 피부진정케어에는 도움이 되지만, 피부 컨디션에 따라 도움이 되는 정도의 차이는 개인차가 큰편입니다. 따라서 해당제품은 의약품이 아닌 스킨케어로의 활용을 권장해드리는 부분 꼭 참고해주시구요. 원물의 특성, 원하시는 케어 혹은 피부컨디션에 맞춤 사용될수 있도록 선택 부탁드리겠습니다. (사용전 반드시, 패치테스트 후 국소적인 사용감 확인해주세요) 다른 궁금하신 부분 있다면 언제든 메세지 남겨주세요~ 감사합니다",,,,,
제품관련,취급방법 및 효과,어성초랑 카렌듈라 구매할려합니다! 지성피부이고 트러블은 가끔씩 나요ㅠㅠ유분이 많은 피부에요ㅠㅠ 매일 어성초를 쓸지 하루하루 번갈아 가면서 쓰는게 좋을지 추천 부탁드립니다! 혹시 로션으로 쓸만한 제품도 있을까요?,"안녕하세요 고객님~ 원씽입니다. 원물의 특성을 고려해 메모해주신 피부컨디션에 맞춤사용될수 있도록 안내도와드리고 있지만, 피부컨디션에 따라 도움이 되는 정도가 다를 수 있으므로 해당제품은 의약품이 아닌 스킨케어로의 활용을 권장해드려요 ^^ *트러블진정케어 1. 화*성트러블이 주로 - 노폐물 배출에 도움이 되는 어성초 + 청귤 or카렌듈라 추출물의 배합 사용 (염증성일경우 스팟케어로 티트리오일- 트*블 국소부위에 극소량 사용) 2. 좁쌀, 뾰루지, 붉은 트러블 - 인진쑥or병풀 추출물 + 청귤or카렌듈라 추출물의 배합 활용 추천 3. 여*름 자국으로 인한 색소침착 - 병풀 추출물 4. 트*블 피부의 세안용 제품- 어성초티트리 천연비누 1,2번 배합추천제품 중 청귤, 카렌듈라 둘다 보습력이 높고 피부염증을 줄이는데에 도움이 되지만, 색소침착이나 잡티케어,톤업케어 같이 원하시면 청귤을, 항산화와 피부결정돈에 더 도움받고 싶으시다면 카렌듈라 선택해주세요^^ 제품들이 단일성분에 집중해 개발, 제조되어서 전체적인 피부진정케어에는 도움이 되지만, 피부 컨디션에 따라 도움이 되는 정도의 차이는 개인차가 큰편입니다. 따라서 해당제품은 의약품이 아닌 스킨케어로의 활용을 권장해드리는 부분 꼭 참고해주시구요. 원물의 특성, 원하시는 케어 혹은 피부컨디션에 맞춤 사용될수 있도록 선택 부탁드리겠습니다. (사용전 반드시, 패치테스트 후 국소적인 사용감 확인해주세요) 원씽의 모든 추출물은 전성분 ewg그린등급으로 피부저자극 테스트(무자극)가 완료되어 성분 확인 및 패치테스트 후 민감도가 없을 경우 단독, 첨가,배합 활용도 괜찮습니다. --> 단독 또는 배합한 추출물은 스킨,토너,닦토, 미스트,스킨팩 등 다양하게 활용가능합니다. 추출물간의 배합은 2종~3,4종 배합 모두 괜찮으며, DIY특성상 배합비율이 정해져 있지 않고 피부컨디션, 사용감에 따라 조절, 자유롭게 배합해 주세요~ 어성초,카렌듈라 각각 단독사용, 피부컨디션에 맞게 번갈아 사용, 자유롭게 배합활용 모두 괜찮습니다. 지성피부, 유분이 많은 피부컨디션으로 유분기없는 보습케어 제품 함께 안내드리겠습니다. 1. 히알루론산 에센스(단독사용가능)-피부속과겉 이중보습 2. 히알루론산 저분자(단독사용불가 -다른제품(추출물, 에센스,로션,크림 등) 에 2%~최대5%첨가사용)- 속건조케어(속보습) 3. 병풀수딩크림-끈적임없이 피부진정, 부드럽고 촉촉하게 발리는 에센스타입 제형으로 병풀추출물(피부손상예방과 피부장벽강화)과 베타글루칸(피부손상과 염증치료에 도움,민감한피부를 진정) 성분 함유. 편하게 단독으로 사용하시기엔 병풀수딩크림이 사용하기 편하실 거에요~^^ 피부컨디션에 따라 도움이 되는 정도가 달라 활용하는 방법도 다양해질수 있으므로, 맞춤 사용 권장해드리며, 사용중에라도 다른 궁금하신 부분이 있다면 언제든지 편하게 메시지 남겨주세요. 감사합니다 :)신고",,,,,
제품관련,취급방법 및 효과,"이거 카란튤라 원액과 레스베라트롤 스마트 캡슐원액을 선물로 받았는데 지금 임신 4개월차에영 호르몬 변화때문인지 피부가 오돌토돌 올라와서요 써도되겠됴? 그리고 선물해준사람이 설명을 해줬는데 대충 들어서 그런가ㅜㅜ 사용방법 알려주세요 공병이랑 같이 줬더라구요 ,, ㅎ","안녕하세요 고객님~ 원씽입니다. 원씽제품을 선물로 받으셨군요 ^^ 임산부의 경우 민감도가 높아져있는 시기이기 때문에 어떤 제품을 고르더라도 정말 신중해지시리라 생각됩니다. 선물받으신 제품역시 ewg 그린등급, 피부저자극테스트(무자극)가 완료되었고, 임산부가 제한해야하는 성분은 없지만, 혹시모를 민감도를 고려해 사전 패치테스트는 신경써서 해주시기를 권장하고 있구요. 무엇보다 기존에 민감도를 보인 성분이 있었는지(천연원물 or 그외 성분들), 임산부에게 주의를 요하는 화장품 성분을 꼼꼼히 체크해주시길 권장해드립니다. * 제품 전성분 - 상세페이지 참고 참고로, 임산부들이 대표적으로 체크하고있는 파라벤, 포름알데히드, 레티놀, 이소플라본, 살리실산, 페녹시에탄올 등은 전성분에서 체크되는 바와 같이 첨가되어있지않으며, 크림의 경우 첨가된 오일도 인공향료가 아닌 천연에센셜 향(베르가못오일)이 소량 첨가되었습니다. 더불어, 패치테스트, 기존 민감도 등을 종합적으로 봤을때 부작용이 없다면 사용하셔도 괜찮지만, 중요한 시기인만큼 더 신중히 답변드리고 있기때문에 혹시라도 궁금하거나 불편하신 부분이 조금이라도 있다면 언제든지 연락주세요. 사용방법은 다음과 같습니다. 1. 패치테스트 2. 국소적 사용감 체크 3. 단독 or 배합활용 1) 카렌듈라 - 단독 사용가능 2) 레스베라트롤 - 최대 10% 첨가 권장 3) 배합 예시 ; 카렌듈라 90~95% + 레스베라트롤 5~10% 사용중에라도 궁금하신 부분이 있다면 언제든 편하게 메시지 남겨주세요. 감사합니다 :) 관심가지고 문의해주셔서 감사드립니다. 감사합니다 :)",,,,,
제품관련,취급방법 및 효과,3번째 주문하고 오늘 사용하려고 보니 원액 색이 많이 짙게 바뀌었어요. 병풀 어성초 인진즉 세가지가 다 짙은 색인데 원래는 연한 색이었는데 이게 왜 이런 건가요? 사진을 올릴 수가 없네요,"안녕하세요 고객님~ 원씽입니다. 꾸준히 원씽 제품 사용해주셔서 감사드립니다 ^^ 천연원물 특성상 원물을 직접 사용해 제조한 제품이라 제조일자, 사용된 원물의 생산재배 일자/계절 등 여러가지 컨디션에 따라 특이취, 색상 등이 균일하지 못한 부분이 있습니다. 탈취, 변색방지를 인위적으로 돕는 다른 첨가물이 들어가 있지않아 보이게되는 자연스러운 현상이지만, 때론 이런부분이 고객님들께 불편할수도 있을 것 같습니다. 최대한 원물의 줄기 및 잎 등의 비중 비율에도 더 신경쓰도록 연구제조팀에 전달하겠습니다. 제조 후 스킨케어활용에 적합한 제품만을 출고하므로 편하게 사용해 주시구요. 사용중에라도 궁금하거나 다른 불편하신 부분이 생기신다면 언제든지 편하게 메시지 남겨주세요 ^^ 환절기 건강 조심하시구요~ 감사합니다:)",,,,,
제품관련,취급방법 및 효과,스킨처럼 손에덜어서 발라도 되나요??,"안녕하세요 고객님~ 원씽입니다. 원씽의 모든 추출물은 ewg그린등급으로 피부무자극 테스트가 완료되어 패치테스트후 민감도가 없을 경우 단독 사용이 가능합니다. ( 성분 확인 및 패치테스트 후 민감도가 없다면 단독 사용(스킨이나 토너,미스트, 스킨팩으로의 활용)이 가능하며, 첨가,배합 활용도 괜찮습니다. 추출물 자체만으로 화장수로 사용이 가능한 성분, 함량이므로 다양하게 활용해주세요) 피부컨디션에 따라 도움이 되는 정도가 달라 활용하는 방법도 다양해질수 있으므로, 맞춤 사용 권장해드리며, 사용중에라도 다른 궁금하신 부분이 있다면 언제든지 편하게 메시지 남겨주세요. 감사합니다 :)",,,,,
제품관련,취급방법 및 효과,원액인데 일반 스킨 사용량처럼 발라도 되는건가요?,"안녕하세요 고객님~ 원씽입니다. 카렌듈라 추출물은 ewg그린등급으로 피부무자극 테스트가 완료되어 패치테스트후 민감도가 없을 경우 단독 사용이 가능합니다. ( 성분 확인 및 패치테스트 후 민감도가 없다면 단독 사용이 가능하며, 스킨으로의 활용도 괜찮습니다. 추출물 자체만으로 화장수로 사용이 가능한 성분, 함량이므로 다양하게 활용해주세요) 피부컨디션에 따라 도움이 되는 정도가 달라 활용하는 방법도 다양해질수 있으므로, 맞춤 사용 권장해드리며, 사용중에라도 다른 궁금하신 부분이 있다면 언제든지 편하게 메시지 남겨주세요. 편안하고 따뜻한 저녁시간 되시구요. 감사합니다 :)",,,,,
제품관련,취급방법 및 효과,"팩으로 사용하는 영상에 나오는 원형통은 어디서 구매하나용,. ㅜ 못 찾겠네요","안녕하세요 고객님~ 원씽입니다. 말씀하신 화장패드는 인터넷쇼핑몰에서 판매를 하고있는데(화장패드, 화장솜패드, 화장면패드로 검색가능합니다), 고객님들 요청이 많아 원씽에서도 구매가능하시도록 곧 옵션이 구성될 예정입니다. 원씽제품을 사용하시면서 추가적으로 필요하신 부분이 있다면 편하게 의견주시고, 메시지 남겨주세요 ^^ 남은 오후 따뜻한 시간 되세요. 감사합니다 :)",,,,,
제품관련,취급방법 및 효과,스프레이공병에 병풀단독으로 토너대용으로 사용중인데 혹시 어성초도 스프레이 공병에 넣어 둘이 같이 써도되나요? 레이어드로요! ,"안녕하세요. 고객님~ 원씽입니다. 네~ 가능합니다. *병풀 추출물(좁쌀, 진정케어) *어성초 추출물(노폐물 배출에 도움, 유분이랑 피지 개선에 효과가 있어서 여드름 피부에 사용이 적합한 제품으로 임상 완료) 원물의 특성 살펴봐 주시고, 사용 전에 패치 테스트 및 국소적 사용감 체크해주세요. 다른 궁금하신 부분이 있다면 언제든 편하게 문의 남겨주세요. 감사합니다. :)",,,,,
제품관련,취급방법 및 효과,쑥 어성초 카렌둘라 3개가지 섞어서 써도 되나요?,"안녕하세요 고객님~ 원씽입니다. 원씽의 모든 추출물은 ewg그린등급으로 피부무자극 테스트가 완료되어 패치테스트후 민감도가 없을 경우 단독 사용이 가능합니다. 성분 확인 및 패치테스트 후 민감도가 없다면 단독 사용이 가능하며, 첨가,배합 활용도 괜찮습니다. --> 단독 또는 배합한 추출물은 스킨,토너,미스트,스킨팩 등 다양하게 활용가능합니다. 추출물간의 배합은 2종~3,4종 배합 모두 괜찮으며, DIY특성상 배합비율이 정해져 있지 않고 피부컨디션, 사용감에 따라 조절, 자유롭게 배합해 주세요~ 인진쑥, 어성초, 카렌듈라 자유롭게 배합활용 가능합니다^^ 피부컨디션에 따라 도움이 되는 정도가 달라 활용하는 방법도 다양해질수 있으므로, 맞춤 사용 권장해드리며, 사용중에라도 다른 궁금하신 부분이 있다면 언제든지 편하게 메시지 남겨주세요. 감사합니다 :)",,,,,
제품관련,취급방법 및 효과,스킨처럼 그냥 발라도 되나요?,"안녕하세요 고객님~ 원씽입니다. 관심가지고 방문해주셔서 감사드려요 ^^ 본 제품은 화장품원료로 직접 사용되는 추출물로 사용방법은 단독, 배합, 첨가 사용이 가능합니다. 천연원물이지만 안전한 사용을 위해 패치테스트 권해드려요. 궁금하신 부분은 언제든지 문의해주시면 최대한 빠르게 답변드리겠습니다. 따뜻한 오후되세요. 감사합니다 :)",,,,,
제품관련,취급방법 및 효과,스킨처럼그냥사용해도나요?뭐에섞어서쓰는건가요?,"안녕하세요 고객님~ 원씽입니다. 주말 잘 보내고 계시죠?? ^^ 어성초 추출물의 경우 먼저, 패치테스트를 통해 민감도를 체크하신 후 민감도가 없다면 단독 사용뿐만 아니라 첨가, 배합 활용이 가능합니다. 말씀하신것처럼 스킨, 토너 대용으로의 활용도 가능하며, 기존에 사용하시던 화장품(스킨, 로션, 크림 등)에 첨가, 배합활용이 가능한만큼 궁금하신 부분이 있다면 언제든지 편하게 메시지 남겨주세요. 남은 주말 행복한 시간되시구요. 감사합니다 :)",,,,,
제품관련,취급방법 및 효과,어성초추출물+병풀추출물 섞어서 스킨처럼 사용해도되나요? 섞는다면 몇대몇비율로 섞어서 써야될까요? 나비존에 지루성피부염이 생겨서 써보려합니다.,"안녕하세요 고객님~ 원씽입니다. 원씽의 모든 추출물은 ewg그린등급으로 피부무자극 테스트가 완료되어 패치테스트후 민감도가 없을 경우 단독 사용이 가능합니다. ( 성분 확인 및 패치테스트 후 민감도가 없다면 단독 사용(스킨이나 토너로의 활용)이 가능하며, 첨가,배합 활용도 괜찮습니다. 추출물 자체만으로 화장수로 사용이 가능한 성분, 함량이므로 다양하게 활용해주세요) DIY특성상 배합이 정해져있지않고 피부컨디션, 사용감에 따라 조절, 자유롭게 배합해 주세요~ 병풀+어성초 1:1, 3:7, 8:2 등등 모두 괜찮습니다~^^ 피부컨디션에 따라 도움이 되는 정도가 달라 활용하는 방법도 다양해질수 있으므로, 맞춤 사용 권장해드리며, 사용중에라도 다른 궁금하신 부분이 있다면 언제든지 편하게 메시지 남겨주세요. 감사합니다 :)",,,,,
제품관련,취급방법 및 효과,병풀 써보려고하는데 단독으로 희석하지않고 스킨처럼 발라도 되는 제품인가요?,"안녕하세요 고객님~ 원씽입니다. 원씽의 모든 추출물은 ewg그린등급으로 피부무자극 테스트가 완료되어 패치테스트후 민감도가 없을 경우 단독 사용이 가능합니다. ( 성분 확인 및 패치테스트 후 민감도가 없다면 단독 사용(스킨이나 토너로의 활용)이 가능하며, 첨가,배합 활용도 괜찮습니다. 추출물 자체만으로 화장수로 사용이 가능한 성분, 함량이므로 다양하게 활용해주세요) 피부컨디션에 따라 도움이 되는 정도가 달라 활용하는 방법도 다양해질수 있으므로, 맞춤 사용 권장해드리며, 사용중에라도 다른 궁금하신 부분이 있다면 언제든지 편하게 메시지 남겨주세요. 감사합니다 :)",,,,,
제품관련,취급방법 및 효과,"안녕하세요, 제가 2번째 구매를 하였는데요, 이번에 구매하고 제품을 발랐는데 피부과에서 치료를 받을정도로 얼굴이 붓고 거칠어져 이제 회복됐습니다. 피부가 얇고 결이 좋은 편입니다. 마치 햇빛알러지나 구리알레기처럼 부어오르고 좁쌀처럼 모공이 부어올라서 약바르고도 10일정도 돼서 본래 피부로 돌아왔습니다. 제가 산 수분공급세트를 보시고 사용방법이나 유의사항을 알려주세요. 배합을 다시 해보고 손목 안쪽에 발라볼려구요","안녕하세요 고객님 원씽입니다. 추석연휴 잘 보내셨어요? 무엇보다 기대하는 마음으로 제품 구매해주셨는데, 사용에 있어 불편함을 갖게 되신것 같아 너무 아쉽고 속상한마음이 큽니다. 해당 아이디로 주문내역을 확인해보니 2020년 2월 첫번째 주문하셨던 제품과 2번째 주문하신 제품들이 모두 다른데, 아무래도 두번째 주문하신 제품들 중에서 민감도가 보인게 아닌가 예상됩니다. 혹시라도 다른 아이디로 주문하신 제품도 있다면 회신부탁드릴게요. 고객님 피부컨디션에 맞춤 사용될수 있도록 안내도와드리고자, 우선.. 몇가지 체크 부탁드려도 될까요?? <두번째 주문 제품> 1. 패치테스트 유무 --> 패치테스트 후 바로 사용하셨는지.. 국소적 사용감 체크후 사용하셨는지... 2. 활용 및 사용방법 1) 병풀 및 피부보습세트 활용방법 --> 단독 사용하신건지.. 다른 제품에 첨가해서 사용하셨는지... 2) 피부보습세트 중 히알루론산저분자 제품은 단독보다는 최대 5% 첨가사용을 권장하고 있습니다. 두번째 주문하신 제품들도 ewg 그린등급으로 사용에 있어서 크게 제한이 없지만, 피부컨디션에 따라 민감도 및 사용 활용 방법이 달라질수 있습니다. 1. 성분 자체에 대한 민감도 - 사용을 권장하지 않습니다. 2. 함량에 대한 민감도 - 단독 사용이 아닌 희석 첨가 사용이 가능합니다. 3. 활용에 따른 민감도 - 스킨, 토너, 미스트로의 활용에는 불편함이 없으나, 패드/팩활용시 사용에 불편하신 경우가 있습니다. 이럴경우 맞춤 사용을 위해 팩/패드활용보다는 미스트, 스킨 등으로의 활용 권장합니다. 안심 맞춤 사용될수 있도록 안내도와드리고 있사오니 너무 염려하지 마시구요. 빠른 안내를 위해 톡톡메시지, 본사로 연락주셔도 좋습니다. 톡톡메시지로 연락주셨더라구요. 곧 메시지 연락드리겠습니다. 감사합니다.",,,,,
제품관련,취급방법 및 효과,날이 추워 얼어서 왔는데 제품이 이상없는건가요?,"안녕하세요 고객님~ 원씽입니다. 원씽의 모든 제품은 제조, 충진, 포장의 모든 단계를 거쳐 사용, 유통에 적합한 제품 만 출고하고 있습니다. 제품의 제조 · 개발 과정에서도 다양한 공정 과정을 추가하고, 충진 포장 시설까지 CGMP 및 ISO 인증을받은 시설에서 안전하게 작업을 진행하고 있습니다. 또한 유해하거나 강한 화학적 방부 처리를하고 있지 않아, 적정 온도 및 온도 변화에 대한 실험도 수반하게 됩니다. (급격한 온도 변화에 의한 방부력 테스트 완료) 성분적으로 변하거나 문제되는 부분은 없으므로, 고객님 너무 걱정하시 않으셔도 되구요~ 상온에서 그대로 1 ~ 2 시간 정도 둔 후 원래 상태로 돌아 오면, 사용해 주시면 되세요^^ (인위적으로 가열하거나 끓이는 것은 금지합니다.) 제품 사용중에라도 다른 궁금하신 부분 있다면 언제든 메세지 남겨주세요~ 추운날씨에 건강 조심하시구요~ 즐거운 하루 되세요:) 감사합니다:)",,,,,
제품관련,취급방법 및 효과,날이 급 더워지면서 배송중에 변질되지않을까 매우 걱정됩니다. 혹시 보냉팩을 넣어서 보내주시거나 뭔가 변질을 방지할수 있는 처리를 해서 배송가능한가요,"안녕하세요 고객님~ 원씽입니다. 제품은 1차포장(용기)-2차포장(종이패키지)-에어캡-택배박스 등으로 포장이 되는데, 햇볕에 오랜시간 직접적으로 노출이 되지 않는다면 제품이 변질될 확률은 적습니다 ^^ 또한, 4단계의 포장이 되어 오랜기간동안 배송지연이 생기는 상황이 아니라면 크게 염려하지 않으셔도 되는데, 혹여, 고객님들께 제품, 사용, 배송에 대해 불편하신 부분이 있다면 최대한 신속하게 처리해드리고 있으니 작은 것 하나라도 다른 궁금하신 부분이 있다면 언제라도 편하게 연락주세요. 관심가지고 문의해주셔서 정말 감사드립니다. 따뜻한 저녁시간 되세요 :)",,,,,
제품관련,취급방법 및 효과,냉장고에 보관해두고 써도 될까요? 낮은 온도때문에 좋지 않을까요?,"안녕하세요 고객님, 원씽입니다. 추출물의 경우 냉장고에 보관하여 사용하셔도 무방합니다^^ 차갑게 하여 사용하시면 쿨링의 효과를 함께 느끼실 수 있습니다. 감사합니다 : )",,,,,
제품관련,취급방법 및 효과,안녕하세요 몇가지만 질문요^^; 처음써보는거라서 ㅋ 꼭 냉장보관해야하는건지 수분크림에섞을때얼마나넣어야할까요? 인진쑥이랑병풀어성초를전부섞는다면 미스트공병에넣을때어느정도넣어야할까요?,"안녕하세요 고객님~ 원씽입니다. 문의주신 사항을 순서대로 답변드리자면 ^^ 1. 냉장보관유무 - 유통기한은 제조일로부터 2년이며, 냉암소보관을 추천해드리고 있습니다. 소분 후 남은 제품은 뚜껑을 잘 닫아 되도록 냉장보관(화학적인 방부제가 없는 제품이라 온도변화가 큰 곳에 두지않는게 중요합니다^^)해주시구요. 사용하실만큼(50~100ml) 소분한 제품(거의 매일 사용하시다는 가정하에)은 햇볕이 직접 닿지않는 화장대 등에 두시고 사용하셔도 크게 무리는 없습니다. 2. 수분크림에 첨가시 배합량 - 처음에는 2~3방울정도 넣어주시고 잘 섞어서 사용하시면서 제형, 발림성 등을 체크하신뒤 첨가량을 조절해주세요. 크림에 배합하실 경우에는 크림이 제형이 크게 변하지 않을 정도(발림성을 위해서입니다)로 섞어주세요. 3. 추출물 3종 배합시 추천량 - 미스트 공병의 용량이 100ml인점을 감안한다면, 예를 들어 어성초 60ml + 병풀 20ml + 어성초20ml 정도로 배합해주시고, DIY 특성상 약간의 오차는 크게 문제가 되지 않으므로 첨가, 배합량, 배합률은 사용하시면서 조금씩 조절해주세요. 낯선 제품,특히 DIY 화장품 원료를 처음 사용시 궁금한 점이 많을 수 있습니다 ^^ 언제든 편하게 메시지 주세요. 따뜻한 밤 되시구요~~ 관심가지고 문의해주셔서 감사드립니다 :)",,,,,
제품관련,취급방법 및 효과,3월에 구입하여 한달정도 사용하니 여드름이 없어져 냉장보관만 되고있다가 요즘 다시 생겨 사용하려는데 약 8개월정도 지났는데 사용해도 될까요?,"안녕하세요 고객님~ 원씽입니다. 개봉 후 6개월 사용을 권장하지만, 뚜껑을 잘 닫아 냉장 보관하셨다면, (부유물이 보이지않고 특이취가 괜찮다면) 사용에 큰 불편 없으리라 판단됩니다. 8개월만에 다시 사용하시기때문에, 재사용전 패치테스트 해주시고, 사용감 충분히 체크하신뒤 맞춤 사용해주세요. 사용중에라도 궁금하신 부분이 있다면 언제든 메시지 남겨주시구요. 감사합니다 :)",,,,,
제품관련,취급방법 및 효과,원씽 전제품 냉장보관인가요?,"안녕하세요 고객님~ 원씽입니다. 원씽 추출물 제품들은 화학적인 방부처리를 하지 않았기때문에 온도, 햇볕에 대한 관리가 조금 더 중요한편입니다. 직사광선이나 따뜻한곳에 오랜시간 노출되지만 않는다면 변질될 확률은 낮지만, 개봉전 제품 혹은 소분후 남은 제품에 대해 권장해드리는 보관방법은 직사광선을 피한, 냉암소 보관입니다. 냉장고 보관이 번거로우실 경우 실내온도보다는 낮은 햇볕이 들지 않는 곳에 보관추천해드리구요. 매일매일 사용하는 제품은 소분해서 화장대(햇볕이 직접 들지않는 장소)에 두고 사용하셔도 괜찮습니다만, 소분 후 남은 제품은 냉암소 혹은 냉장보관 권장해드려요~ 냉장보관했던 제품을 다시 실온에서 사용하는 것에 대한 염려를 가지실수 있는데, 제품이 개발되고 출시되기까지 적정 온도 및 변화온도에 대한 실험도 동반하게 됩니다. 냉장보관되어 있던 제품 실온에서 사용하셔도 변질되거나 사용에 불편함은 없으실거에요~ 또한 화장대에서 소분한 제품은 한달정도 사용하시더라도 제품속에 이물이 들어가지 않는 한 제품 변질에 크게 영향을 미치지 않기때문에 염려하지 않으셔도 됩니다. 추출물 이외의 크림제품, 모델링팩,오일류 등의 제품은 햇빛이 들지않는 곳에 상온보관 해주셔도 괜찮습니다. 다른 궁금하신 사항 있으시면 언제든 메세지 남겨주세요~ 감사합니다:)",,,,,
제품관련,취급방법 및 효과,실온에서 놔두고 사용한지 2주됐는데 갈색으로 침전이 생겼어요 원래 이런건가요? 문제없는건가요?,"안녕하세요 고객님~ 원씽입니다. 용기 하단에 보이는 갈색입자에 대해 문의주셨는데요^^ 가라앉은 갈색입자는 각 제품 추출시 사용된 천연원물의 입자입니다. 추출 후 마이크로단위의 필터로 필터링을 하지만, 그보다 작은 입자들은 포함되거든요. 사용전 흔들거나 침전된 입자는 둔채 사용하셔도 괜찮습니다. (저는 흔들어서 사용하고 있습니다) 실내보관을 해서 침전물이 보이는게 아니라 천연원물(인진쑥, 병풀, 어성초 등)을 직접 사용하여 추출했기때문에 보이는 원물의 미세한 입자들이므로 염려하지 않으셔도 됩니다. (원씽 제품에는 화학적인 방부처리가 되어있질 않기때문에, 일반화장품에 비해 보관방법에 있어서 직사광선, 보관온도에 신경을 조금 더 써주시길(직사광선을 피해 냉암소보관,편리함을 위해 냉장고보관추천) 권장하고 있습니다. ) 사용중 다른 불편함은 없으셨나요?? 사용중에라도 궁금하신 부분이 있으면 언제든지 연락주세요. 남은 하루도 행복한 시간되시구요~ 즐거운 휴일 보내세요. 감사합니다 :)",,,,,
제품관련,취급방법 및 효과,소분 뒤 냉장보관하라고 적혀 있던데 그럼 원래통 뿐만 아니라 소분한 통도 냉장보관하여서 써야하나요?,"안녕하세요 고객님~ 원씽입니다. ^^ 천연원물을 직접 사용하여 추출한뒤 화학적인 방부처리가 되어있질않아 직사광선 및 따뜻한곳(25도 이상)에서의 오랜 노출은 제품의 변질을 일으킬수 있습니다. 따라서, 직사광선을 피해 냉암소 보관을 권장하고 있구요. (특히, 여름철에는 편리성 때문에 냉장보관 추천해드립니다.) 매일 사용하시는 경우 소분 후 화장대위에 두시더라도(직사광선피해주시구요), 나머지는 냉장보관 혹은 냉암소 보관해주세요. 개인적으로 저도 미스트공병에 담아 화장대위에 놓고 사용중(3~4주안팎으로 사용)이며, 남은 제품은 냉장보관해놓고 있습니다 ^^ 직사광선, 높은 온도, 이물이 들어가지 않도록만 주의해주세요. 제품 사용시 다른 궁금하신 부분이 있다면 언제든지 편하게 문의해주시구요. 남은 하루도 행복한 시간되세요. 감사합니다 :)",,,,,
제품관련,취급방법 및 효과,스킨 대용으로 사용하고 있는데 보관 및 주의사항에 소분 후 냉장 보관하라고 되어있네요ㅠㅠ 화장품은 냉장고에 보관하면 안된다고 하는데 소분한 후 나머지는 직사광선이 닿지 않는 서랍이나 서늘한 곳에 보관해도 문제가 없는지 아니면 꼭 냉장 보관해야 하는지 궁금합니다. 또 화학첨가물이 들어가있지 않아 변질될까봐 걱정되는지 여름에도 문제 없을지 확인 부탁드려요~~,"안녕하세요 고객님~ 원씽입니다. 받으신 제품을 스킨대용으로 사용중이신데, 다른 불편한 부분은 없으셨나요? 저희 제품이 아무래도 화학적인 방부처리가 되어있질 않아 보관에 있어서 문의를 많이 해주시는 편입니다. 천연원물을 사용한 화장품, 원료의 경우 햇볕에 직접 노출되거나 따뜻한 곳에 오래 보관되어지면 냉암소 보관에 비해 변질될 확률이 높아져서 고객님들께는 냉암소 혹은 냉장보관을 추천해드리고 있습니다. 매일 사용하시는 경우라면 소분 혹은 본품을 햇볕이 들지않는 화장대위에 두고 사용하셔도 괜찮구요. 저 같은 경우 100ml 미스트 공병에 담아 화장대위에 두고 3~4주 이상 사용하는데, 소분후 남은 제품은 냉장보관하고 있구요. 음.. 고객님께서 말씀하신 것처럼 보관에 있어서는 직사광선이 닿지 않는 서랍이나 서늘한 곳에 보관하셔도 괜찮습니다. 다만, 이물이 들어가지 않도록 뚜껑등 잘 체크해주시면 되구요 ^^ 냉암소를 선택하는 일이 계절별로 만만치 않기때문에 편의성을 두고 냉장보관 추천해드리고 있습니다. ^^ 여름철에도 마찬가지로 권장해드리는 보관방법을 유념해주시면 될 것 같습니다. 궁금하신 부분이 있다면 언제든지 편하게 연락주세요. 즐거운 주말 되세요. 감사합니다 :)",,,,,
제품관련,취급방법 및 효과,개봉전 개봉후 둘다 냉장보관해야 제품에 더좋나요?? 아님 실온이 낫나요?. 아님 비슷한가요,"안녕하세요 고객님~ 원씽입니다. 해당제품의 경우 천연원물을 직접 사용하여 추출한뒤 유해하거나 강한 화학적 방부처리가 되어있질않아 직사광선 및 따뜻한곳(25도 이상)에서의 오랜 노출은 제품의 변질을 일으킬수 있습니다. 따라서, 개봉전과 후 모두 직사광선을 피해 냉암소 보관을 권장하고 있구요. 매일 사용하시는 경우 소분 후 화장대위에 두시더라도(직사광선피해주시구요), 나머지는 냉장보관 혹은 냉암소 보관해주세요. 특히, 여름철엔 냉암소 보관이 조금 불편하실수 있어서 냉장보관도 추천해드리고 있습니다. 개인적으로 저도 미스트공병에 담아 화장대위에 놓고 사용중(3주안팎으로 사용)이며, 남은 제품은 냉장보관해놓고 있습니다 ^^ 다른 궁금하신 부분이 있다면 언제든지 편하게 메시지 남겨주시구요. 따뜻한 하루 되세요. 감사합니다 :)",,,,,
제품관련,취급방법 및 효과,개봉한 건 냉장보관 해야 하나요?,"안녕하세요 고객님~ 원씽입니다. 제품의 특성상 직상광선을 피해 냉암소 혹은 냉장보관을 권장하고 있습니다. 매일 사용하시는 경우라면 소분해서 화장대위에 두시더라도, 남은 제품은 뚜껑을 잘 닫아 조금 더 용이한 보관 방법을 선택해주세요. 다른 궁금하신 부분이 있다면 언제든지 편하게 메시지 남겨주시구요. 행복한 하루 되세요. 감사합니다 :)",,,,,
제품관련,취급방법 및 효과,개봉후 실온보관해도 되나요?,"안녕하세요 고객님~ 원씽입니다. 천연원물을 직접 사용하여 추출한뒤 화학적인 방부처리가 되어있질않아 직사광선 및 따뜻한곳(25도 이상)에서의 오랜 노출은 제품의 변질을 일으킬수 있습니다. 따라서, 직사광선을 피해 냉암소 보관을 권장하고 있구요. 매일 사용하시는 경우 소분 후 화장대위에 두시더라도(직사광선피해주시구요), 나머지는 냉장보관 혹은 냉암소 보관해주세요. 사용중 궁금하신 부분은 언제든지 메시지 남겨주시구요~ 즐겁고 행복한 주말 보내세요~~ 감사합니다 :)",,,,,
제품관련,취급방법 및 효과,병풀300ml 총2병 또 주문했습니다. 유통기한한 긴걸로 보내주세요. 오늘9/29(목)2시에 주문했으니 오늘 발송되는거 맞죠??,"안녕하세요. 고객님~ 원씽입니다. 저희 제품 재구매해 주셔서 감사합니다. :) 병풀 추출물 300ml 유통기한의 경우 현기준 25년8월 제품 출고되는 점 참고 부탁드리며, 주문주신 상품 금일 출고 예정입니다. 다른 궁금하신 부분이 있다면 언제든 편하게 문의 남겨주세요. 감사합니다. :)",,,,,
제품관련,취급방법 및 효과,밑에 유통기한에 대해 문의했는데 답변쓰는 부분이 없어서 다시 새로 작성합니다. 박스를 버렸는데 제가 통에 적어야 할거같아요 어성초랑 인진쑥 추출물 유통기한 알려주세요! 저에게 맡으면 계속 구매할 예정인데 박스와 통에 유통기한 함께 있으면 좋겠어요! 전에 질문에 대해 자세한 답변 해주셔서 감사합니다😊,"안녕하세요 고객님~~ 원씽입니다. 박스에 붙여진 스티커를 미처 확인 못할 경우 조금 난감하시죠?? 음.. 의견주신 부분은 추후 반영할수 있도록 하겠습니다. ^^ 최근 제조(길어야 한달정도)일자이긴하나, 고객님께서 주문해주신 일자, 출고일자 확인하여 제품별로 유통기한 남겨드리겠습니다. 의견주셔서, 그리고 원씽에 관심가져주셔서 정말 감사드립니다. 기타 다른 궁금하신 부분이 있다면 언제든지 연락주세요 :)",,,,,
제품관련,취급방법 및 효과,제조일자가 언제인 상품인가요? 개봉후 냉장보관해야하나요?,"안녕하세요. 고객님 원씽입니다. 현재, 해당제품은 2021년 11월 이후 제조 상품으로 발송 도와드리고 있으며, 출고시기별, 용량별로 일자 차이가 조금씩 날 수 있으니 참고 부탁드립니다. 개봉전 제품 혹은 소분후 남은 제품에 대해 권장해드리는 보관방법은 직사광선을 피한, 냉암소 보관입니다. 냉장고 보관이 번거로우실 경우 실내온도보다는 낮은 햇볕이 들지 않는 곳에 보관추천해드리구요. 다른 궁금하신 부분이 있다면 언제든 편하게 문의 남겨주세요. 감사합니다. :)",,,,,
제품관련,취급방법 및 효과,어성초랑 인진쑥 추출물 샀는데 제조일자가 어디에 적혀있나요? 통에 따로 안찍혀있네요,"안녕하세요 고객님~ 원씽입니다. 제품은 잘 받으셨어요?? ^^ 제조일자는 박스 상단 혹은 박스하단에 스티커표기되어있습니다. (코팅되지않은 종이재질의 스티커가 배송중에 손상되는 경우가 있어, 순차적으로 코팅재질의 스티커로 교체하였고, 4월 중 후반부 이후 포장시에는 전제품 은박코팅스티커를 박스 상단에 부착하고 있습니다) 간혹 박스를 바로 개봉하셔서 제조일자를 놓치는 경우가 있습니다. 박스 상단 혹은 하단 확인 부탁드리며... 사용중 궁금하거나 불편하신 부분이 있다면 언제든지 편하게 연락주세요. 따뜻한 저녁시간되시구요~~ 감사합니다 :) 감사합니다 :)",,,,,
제품관련,취급방법 및 효과,"구매하고 4월 7일에 개봉 후 공병에 덜어두고 냉장보관 해두었는데요, 별다른 온도 변화없이 잘 보관했어요. 근데 병풀추출물이랑 갈락토닉은 침전물이 없는데 어성초추출물 밑에만 침전물이 생겨서 문의드려요. 혹시 몰라 사용 중단했는데.. 왜그런거죠?ㅠ","안녕하세요 고객님~ 원씽입니다. 메모해주신 내용 확인 후 회신드려요 ^^ 냉장보관하시면서 어성초 추출물에 침전물이 보이시는거죠?? 갈락토미세스에서는 안보이셨겠지만, 병풀추출물에서도 보이셨을텐데... 천연원물을 직접 사용해서 추출한 제품이기때문에 용기 밑으로 가라앉는 입자가 보이는 경우가 있구요. 냉장보관시 응결되어 침전물이 생기는 경우가 있습니다. (이부분은 냉장기계의 내부 온도에 따라 차이가 있습니다) 원물에 따라서 침전의 정도가 조금씩 다른데, 원물의 특성상 어성초와 병풀이 인진쑥에 비해 약간더 오일리하기때문에 냉장보관시 응결되는 경우가 있거든요. 원씽 추출물은 이러한 응결을 인위적으로 막거나 풀어주는 유화제 등의 첨가물을 넣지 않았기 때문에 나타나는 현상으로, 이 응결된 부분은 상온에서 풀어지기때문에 걱정하지 않으셔도 됩니다. ^^ 유선상으로도 안내드리려고 했는데, 전화연결이 되지 않아 우선 회신글 남깁니다. 혹시 다른 궁금하신 부분이 있다면 언제든지 편하게 연락주세요. 빠른 회신을 위해 톡톡메시지 활용해주셔도 좋구요. 고객센터(070-7517-9980)로 연락주셔도 괜찮습니다. 즐거운 하루 되시구요. 감사합니다 :)",,,,,
제품관련,취급방법 및 효과,"인진쑥 구매해서 오늘 받았는데 제조일이 표시가 안되어있습니다. 상자, 병 어디를 찾아봐도 없네요... 사용해도 되는 건지 모르겠네요... 유통기한을 확인할 방법이 없나요...","안녕하세요 고객님~ 원씽입니다 ^^ 좋은 아침 시작하셨어요?? 원씽 제품은 모두 제조일자를 표기한 스티커를 패키지 상단 혹은 하단에 붙여서 출고가 되고있습니다. 특히, 300ml 용량의 인진쑥추출물 제품의 경우에는 상단 코팅된 은색스티커로 봉해져있는데, 저희가 제품 포장시, 택배포장 준비시, 택배포장시 3번의 검수를 통해 스티커확인을 하고 있거든요. 제품 패키지 확인 부탁드려도 될까요?? ^^ 스티커에는 제품명과 제조일자 2줄로 표기되어있습니다. 5월08일 출고된 인진쑥 추출물 300ml는 대부분 4월25일 제조된 제품입니다. 참고부탁드리며, 혹시라도 다른 궁금한 부분이나 불편하신 사항이 있다면 언제든지 연락주세요. 혹여 빠른 회신을 원하시는 경우라면 고객센터 070-7517-9980 이나 톡톡메시지로 연락주셔도 됩니다. 오늘 하루도 멋진 시간 되시구요. 관심가지고 주문해주셔서 감사드립니다 :)",,,,,
제품관련,취급방법 및 효과,유통기한 문의드립니다,"안녕하세요 고객님~원씽입니다. 현재, 원씽제품들은 타사와 비교해도 전혀 손색이 없을만큼 최근 제조된 제품을 순차적으로 출고하고있습니다. 제조 시, 제조 후 방부력 테스트 및 규격서에 맞춰 적합한 제품만을 충진, 포장해서 전달해드리고 있으며, 문의하신 인진쑥 추출물의 경우 유통기한이 제조일로부터 24개월로, 출고제품은 유통기한이 90% 이상 남아있는 최근제조제품입니다.(수입을 통해 포장되는 특정 제품을 제외하고 현재 출고되는 제품들의 잔여 유통기한이 모두 90% 안팎입니다) 제품의 특성상, 모든 제품이 동일한 날짜에 제조되는건 불가능하며, 순차적으로 출고되는 부분 양해부탁드리겠습니다. (같은날 같은제품이 출고되더라도, 다른 날짜의 제품이 출고되기도 합니다. ) 앞서 말씀드린대로 적합한 제품만을 그리고, 유통기한이 충분한 제품만을 전달해드리고 있으므로 안심하고 사용해주세요.^^ 다른 궁금하신 부분 있다면 언제든 메세지 남겨주세요~ 감사합니다:)",,,,,
제품관련,취급방법 및 효과,제조년월이 어디있나요?아무리찾아도없어요,"안녕하세요 고객님~ 원씽입니다. 좋은 아침 시작하셨어요?? 해당제품의 경우 용기 및 단상자 하단에 로트넘버 + 사용기한으로 표기되었습니다. 제품별로 착인 형식이 조금 다르지만(제품별 생산일자별 제조일자 혹은 사용기한으로 착인되었으며, 추후, 동일하게 사용기한으로 착인될 예정입니다) 추출물의 경우 로트넘버 및 exp로 시작되는 사용기한으로 표기 되고있습니다. 주문당시 출고된 병풀 추출물의 사용기한이 2022년 5월 혹은 2022년 6월까지로 확인되며, 사용 및 활용에 참고부탁드릴게요. 다른 궁금하신 부분이 있다면 언제든지 편하게 메시지 남겨주시구요. 건강챙기는 하루하루 되세요. 감사합니다 :)",,,,,
제품관련,얼굴 외 사용 관련,어성초 이제품 두피에직접뿌려도되는건가요?,"안녕하세요 고객님 원씽입니다 ^^ 어성초의 경우 두피케어에 도움을 줄수 있는 대표적인 원료인데, 사용방법은 말씀하신것처럼 직접 두피에 뿌려도 좋습니다 활용법을 조금 더 메모하자면... ** 어성초 활용(두피케어 집중) 1) 샴푸 후 두피에 직접 뿌리기 - 미스트 공병에 담아 두피에 뿌려 주시고, 손끝으로 지압을 해주셔도 좋습니다. (헹궈내지 않으셔도 되요 ^^) 2) 샴푸 or 컨디셔너 사용 시, 헹굼시 * 샴푸 or 컨디셔너 에 섞어 사용(사용할때마다 섞는건 번거로우실수 있으니 작은 공병에 어성초와 샴푸를 미리 섞어주시는게 편하실거에요) * 마지막 헹굼시 헹굼물에 어성초 추출물을 약 10~30%정도 섞어 헹궈주세요. 어성초추출물헹굼 후 물로 다시 씻어내지 않으셔도 되요. 직접 향을 맡을때와 달리 사용후 특이취가 사라지기때문에 별도 헹궈내지 않아도 괜찮습니다만, 이부분은 사용하시면서 조절해주시면 좋습니다. 궁금하신 부분이 있다면 언제든지 편하게 연락주세요. 감사합니다 :)",,,,,
제품관련,얼굴 외 사용 관련,남친이탈모가진행중인데 머리에 미스트로뿌려도 될까요?ㅋ,"안녕하세요 고객님~~ 원씽입니다. 주말 잘 보내고 계시죠?? ^^ 원물의 특성을 고려해 어성초를 사용하시면 될 것 같은데, 사용방법은 굉장히 다양합니다. 말씀하신 것 처럼 직접 두피에 뿌리기도 하구요. 활용법을 조금 더 메모하자면... ** 어성초 활용 1) 샴푸 후 두피에 직접 뿌리기 - 미스트 공병에 담아 두피에 뿌려 주시고, 손끝으로 지압을 해주셔도 좋습니다. (헹궈내지 않으셔도 되요 ^^) 2) 샴푸 or 컨디셔너 사용 시, 헹굼시 * 샴푸 or 컨디셔너 에 섞어 사용(사용할때마다 섞는건 번거로울수 있으니 작은 공병에 어성초와 샴푸를 미리 섞어주는게 편하실거에요) * 마지막 헹굼시 헹굼물에 어성초 추출물을 약 10~30%정도 섞어 헹궈주세요. 어성초추출물헹굼 후 물로 다시 씻어내지 않으셔도 되요. 직접 향을 맡을때와 달리 사용후 특이취가 사라지기때문에 별도 헹궈내지 않아도 괜찮습니다만, 이부분은 사용하시면서 조절해주시면 좋습니다. 천연원물이라 하더라도 민감도를 보일수 있어서 (혹시 기존에 천연원물 추출물을 사용해보지 않으셨다면) 사용전 패치테스트를 꼭 해주세요. ^^ 궁금하신 부분이 있다면 언제든지 편하게 연락주세요. 감사합니다 :)",,,,,
제품관련,얼굴 외 사용 관련,샴푸에 섞어 사용시 비율은 어느정도가 적합한가요? 피부에는 어성초가 안맞는지 스킨으로 썼을때 좁쌀이 올라와 두피미스트로 쓰고 있는데 나쁘지않은것같아 샴푸에도 섞어 써보려해요. 적절한 비율 알려주시면 감사하겠습니다:),"안녕하세요 고객님~ 원씽입니다. 주말 잘 보내고 계시죠?? 어성초추출물을 원물의 특성상 두피케어에도 많이 추천해드리고 있습니다. 활용법을 간단히 메모하자면.. ** 어성초 활용 1) 샴푸 후 두피에 직접 뿌리기 - 미스트 공병에 담아 두피에 뿌려 주시고, 손끝으로 지압을 해주셔도 좋습니다. (헹궈내지 않으셔도 되요 ^^) 2) 샴푸 or 컨디셔너 사용 시, 헹굼시 * 샴푸 or 컨디셔너 에 섞어 사용(사용할때마다 섞는건 번거로울수 있으니 작은 공병에 어성초와 샴푸를 미리 섞어주는게 편하실거에요) * 마지막 헹굼시 헹굼물에 어성초 추출물을 약 10~30%정도 섞어 헹궈주세요. 어성초추출물헹굼 후 물로 다시 씻어내지 않으셔도 되요. 직접 향을 맡을때와 달리 사용후 특이취가 사라지기때문에 별도 헹궈내지 않아도 괜찮습니다만, 이부분은 사용하시면서 조절해주시면 좋습니다. 미스트로는 활용하고 계시기때문에 샴푸와의 배합비율의 경우에는 샴푸의 제형을 보시면서 조절해주시면 됩니다. 미리 섞어두시는게 나은데, 이 방법이 가능할경우 10% 이상 추천해드려요. 또한, 헹굼으로도 추천해드리니까.. 위 메모해드린 내용 참고부탁드리겠습니다 ^^ 사용중 궁금한 부분이 있다면 언제든지 연락주세요. 감사합니다 :)",,,,,
제품관련,얼굴 외 사용 관련,두피에 뿌려도되나요??? 머리가 너무많이빠져서요 ..ㅜㅜ,"안녕하세요 고객님~ 원씽입니다. 메모해주신 두피 컨디션에는 원물의 특성을 고려해 사용가능하신데, 사용방법은 굉장히 다양합니다. 말씀하신 것 처럼 직접 두피에 뿌리기도 하구요. 활용법을 조금 더 메모하자면... ** 원씽 추출물 활용(두피케어용) 1) 샴푸 후 두피에 직접 뿌리기 - 미스트 공병에 담아 두피에 뿌려 주시고, 손끝으로 지압을 해주셔도 좋습니다. (헹궈내지 않으셔도 되요 ^^) 열감이 많은 두피일경우 시원하게 냉장보관후 사용하셔도 도움이 되실거에요. 2) 샴푸 or 컨디셔너 사용 시, 헹굼시 * 샴푸 or 컨디셔너 에 섞어 사용(사용할때마다 섞는건 번거로울수 있으니 작은 공병에 어성초와 샴푸를 미리 섞어주는게 편하실거에요) * 마지막 헹굼시 헹굼물에 어성초 추출물을 약 10~30%정도 섞어 헹궈주세요. 어성초추출물헹굼 후 물로 다시 씻어내지 않으셔도 되요. 직접 향을 맡을때와 달리 사용후 특이취가 사라지기때문에 별도 헹궈내지 않아도 괜찮습니다만, 이부분은 사용하시면서 조절해주시면 좋습니다. 천연원물이라 하더라도 민감도를 보일수 있어서 사용전 패치테스트를 꼭 해주세요. ^^ 궁금하신 부분이 있다면 언제든지 편하게 연락주세요. 감사합니다 :)",,,,,
제품관련,얼굴 외 사용 관련,바디미스트로 써도 되나요??,"안녕하세요. 고객님~ 원씽입니다. 병풀 추출물의 경우 스킨케어용으로 얼굴과 바디에 모두 활용 가능합니다. 다만, 사용 전에 반드시 패치 테스트 및 국소적 사용감 체크 부탁드립니다. 다른 궁금하신 부분이 있다면 언제든 편하게 문의 남겨주세요. 감사합니다. :)",,,,,
제품관련,얼굴 외 사용 관련,카렌듈라+히알에센스 섞어서 얼굴에 바르는 중인데 너무 촉촉하고 좋아요:) 등에 트러블이 약간있고 건조한 편인데 카렌듈라를 공병에 넣어 미스트처럼 바디에 뿌려 사용해도 될까요?,"안녕하세요 고객님~ 원씽입니다. 원씽의 모든 추출물들은 모두 ewg그린등급으로 피부무자극 테스트가 완료되어 패치테스트후 민감도가 없을 경우 단독 사용이 가능합니다. 스킨케어용으로 활용이 가능하므로 얼굴뿐만 아니라 바디용으로의 활용도 가능하므로 피부컨디션에 맞춤 활용해주세요. 제품들이 단일성분에 집중해 개발, 제조되어서 전체적인 피부진정케어에는 도움이 되지만, 피부 컨디션에 따라 도움이 되는 정도의 차이는 개인차가 큰편입니다. 원물의 특성, 원하시는 케어 혹은 피부컨디션에 맞춤 사용될수 있도록 선택 부탁드리겠습니다. ( 트*블성 피부에는 반드시, 패치테스트 후 국소적인 사용감 확인해주세요) 사용중에라도 궁금하신 부분이 생기면 편하게 메시지 남겨주세요~ 감사합니다~:",,,,,
제품관련,얼굴 외 사용 관련,등드름 +엉드름에 미스트용기에 넣고 뿌려줄까하는데 어떤제품이 제일 효과적일까요?? 용량도 궁금합니다,"안녕하세요 고객님~ 원씽입니다. 원물의 특성을 고려해 메모해주신 피부컨디션에 맞춤사용될수 있도록 안내도와드리고 있지만, 피부컨디션에 따라 도움이 되는 정도가 다를 수 있으므로 해당제품은 의약품이 아닌 스킨케어로의 활용을 권장해드려요 ^^ '화농성이 아니라면..' 인진쑥or병풀 추출물 + 청귤 or 카렌듈라 추출물의 배합 활용 추천 '화농성이라면' 원물의 특성상 어성초 추출물 + 청귤or 카렌듈라 추출물의 배합 활용 추천 원씽의 모든 추출물들은 모두 ewg그린등급으로 피부무자극 테스트가 완료되어 패치테스트후 민감도가 없을 경우 단독 사용이 가능하며 첨가,배합 활용도 가능합니다. 스킨케어용으로 활용이 가능하므로 얼굴뿐만 아니라 바디용으로의 활용도 가능하므로 피부컨디션에 맞춤 활용해주세요. *원씽의 모든 추출물은 ewg그린등급으로 피부무자극 테스트가 완료되어 패치테스트후 민감도가 없을 경우 단독 사용이 가능합니다. ( 성분 확인 및 패치테스트 후 민감도가 없다면 단독 사용(스킨이나 토너로의 활용)이 가능하며, 첨가,배합 활용도 괜찮습니다. 추출물 자체만으로 화장수로 사용이 가능한 성분, 함량이므로 다양하게 활용해주세요) DIY특성상 배합이 정해져있지않고 피부컨디션, 사용감에 따라 조절, 자유롭게 배합해 주세요~ 제품들이 단일성분에 집중해 개발, 제조되어서 전체적인 피부진정케어에는 도움이 되지만, 피부 컨디션에 따라 도움이 되는 정도의 차이는 개인차가 큰편입니다. 원물의 특성, 원하시는 케어 혹은 피부컨디션에 맞춤 사용될수 있도록 선택 부탁드리겠습니다. (여*름과 같은 트*블성 피부에도 반드시, 패치테스트 후 국소적인 사용감 확인해주세요) 다른 궁금하신 부분이 생기면 언제든 메시지 남겨주세요~ 감사합니다:)",,,,,
제품관련,얼굴 외 사용 관련,두피에는 어떻게 사용해요? 미스트처럼 뿌려서 두피에 발라야해요??,"안녕하세요 고객님~ 원씽입니다. 주말 잘 보내셨어요?? 두피케어로 어성초 추출물 활용을 원하실경우 활용방법은 다음과 같습니다. ** 어성초 활용 1) 샴푸 후 두피에 직접 뿌리기 - 미스트 공병에 담아 두피에 뿌려 주시고, 손끝으로 지압을 해주셔도 좋습니다. (헹궈내지 않으셔도 되요 ^^) 2) 샴푸 or 컨디셔너 사용 시, 헹굼시 * 샴푸 or 컨디셔너 에 섞어 사용(사용할때마다 섞는건 번거로울수 있으니 작은 공병에 어성초와 샴푸를 미리 섞어주는게 편하실거에요) * 마지막 헹굼시 헹굼물에 어성초 추출물을 약 10~30%정도 섞어 헹궈주세요. 어성초추출물로 헹굼 후 물로 다시 씻어내지 않으셔도 되요. 직접 향을 맡을때와 달리 사용후 특이취가 사라지기때문에 별도 헹궈내지 않아도 괜찮습니다만, 이부분은 사용하시면서 조절해주시면 좋습니다. 사용전 패치테스트를 꼭 해주시고, 다른 궁금하신 부분이 있다면 언제든지 편하게 메시지 남겨주세요. 일교차가 큽니다. 감기 유의하시구요~ 오늘 하루도 행복한 시간되세요. 감사합니다 :)",,,,,
제품관련,얼굴 외 사용 관련,출산한지 한달된 산모인데요! 수유중에도 두피에 사용가능할까요?,"안녕하세요 고객님~ 원씽입니다. 출산 후 아가 돌보시느라 기쁨과 즐거움도 배가 되었겠지만, 자칫 놓칠수 있는 식사를 비롯해 건강 항상, 꼭~~ 잘 챙기시구요. 두피케어에 어성초가 어느정도 도움이 될수있지만, 그보다먼저, 기존에 사용하셨던 헤어제품이라 하더라도, (전성분, 계면활성제 체크) 평소보다는 소량의 샴푸 사용, 이후 헹굼횟수를 조금 더 많이 해주시면 도움이 되실거에요. 마지막 헹굼시 어성초 추출물을 활용하셔도 좋구요. 어성초 추출물의 전성분은 국내산 어성초를 사용하여 추출, 1,2-헥산다이올 및 프론판다이올이 첨가되어있습니다. 천연원물이라 잔향이 남지않고, ewg1등급의 원료로 충분히 사용가능한 제품이지만, 모든 부분이 조심스러운 시기인만큼 제품 선택시 신중해지기때문에 여러번 체크하시면 좋을 것 같습니다. 다른 궁금한 부분이 있으시다면 언제든지 편하게 연락주세요. 감사합니다 :)",,,,,
제품관련,얼굴 외 사용 관련,어성초 제품은 희석해서 안써도 되나요?두피에 뿌리고싶어서요~,"안녕하세요 고객님~ 원씽입니다. 성분 확인 및 패치테스트 후 민감도가 없다면 단독 사용이 가능하며, 스킨, 미스트로의 활용도 괜찮습니다. 두피케어용으로도 많이 활용하시는데, 추출물 자체만으로 화장수로 사용이 가능한 성분, 함량이므로 다양하게 활용해주세요~~ 관심가지고 문의해주셔서 감사드립니다. 따뜻한 저녁시간되시구요. 감사합니다 :)",,,,,
제품관련,얼굴 외 사용 관련,어성초 원액 두피에 사용하려고 하는데 원액 그대로 스프레이 용기에 담아서 두피에 뿌려도 되나요? 아님 다른것과 섞어서 사용해야 되나용?,"안녕하세요 고객님~ 원씽입니다. 주말 잘 보내셨어요?? 두피케어를 위해 어성초 추출물 활용을 원하신다면 우선, 패치테스트 후 피부컨디션에 맞춤사용 권장해드리구요. 민감도가 없다면 단독 사용이 가능합니다(피부무자극테스트완료) 샴푸 후 두피가 깨끗한 상태에서 어성초 추출물을 미스트 공병에 담아 두피에 뿌려 주시고, 손끝으로 지압을 해주셔도 좋습니다. (헹궈내지 않으셔도 되요 ^^) 사용중에라도 다른 궁금하신 부분이 생기면 바로 연락부탁드릴게요. 따뜻한 하루 되시구요. 감사합니다 :)",,,,,
제품관련,얼굴 외 사용 관련,혹시 두피에뿌려도되나요?,"안녕하세요 고객님~ 원씽입니다. 두피케어를 원하실경우 원물의 특성을 고려해 어성초추출물을 많이 활용하십니다. 패치테스트 후 민감도가 없을 경우 사용방법은 굉장히 다양하며.. 그중 가장 많이 사용하시는 방법이.. 미스트 공병에 담아 두피에 뿌려 주시는데, 이때 손끝으로 지압을 해주셔도 좋습니다. (헹궈내지 않으셔도 되요 ^^) 혹은, 샴푸 후 마지막 헹굼시 헹굼물에 어성초 추출물을 약 10~30%정도 섞어 헹궈주셔도 되고, 어성초추출물로 헹굼 후 물로 다시 씻어내지 않으셔도 됩니다. 직접 향을 맡을때와 달리 사용후 특이취가 사라지기때문에 별도 헹궈내지 않아도 괜찮습니다만, 이부분은 사용하시면서 조절해주시면 좋아요. 다른 궁금하신 부분이 있다면 언제든지 편하게 메시지 남겨주시구요. 따뜻한 오후시간되세요. 감사합니다 :)",,,,,
제품관련,얼굴 외 사용 관련,지루성 두피인데 어성초를 스프레이로 뿌려줘도 될까요? 샴푸에 섞는거보다는 직접 뿌려주는게 낫겠죠?,"안녕하세요 고객님~ 원씽입니다. 어성초 원물의 특성상 노폐물제거에 도움이 되기때문에 두피케어에 많이 활용하시는데, 원물의 특성이 있으나 피부(두피)컨디션에 따라 도움이 되는 정도가 다를수 있으므로 해당제품은 의약품이 아닌 스킨케어로 활용 권장해드리며, 샴푸 후 두피가 깨끗한 상태에서 사용해주셔야 도움이 되실거에요. 1) 미스트 공병에 담아 두피에 뿌려 주시고, 손끝으로 지압을 해주셔도 좋습니다. (헹궈내지 않으셔도 되요 ^^) 2) 샴푸 or 컨디셔너 사용 시, 헹굼시 * 샴푸 or 컨디셔너 에 섞어 사용(사용할때마다 섞는건 번거로울수 있으니 작은 공병에 어성초와 샴푸를 미리 섞어주는게 편하실거에요) * 마지막 헹굼시 헹굼물에 어성초 추출물을 약 10~30%정도 섞어 헹궈주세요. 어성초추출물로 헹굼 후 물로 다시 씻어내지 않으셔도 되요. - 직접 향을 맡을때와 달리 사용후 특이취가 사라지기때문에 별도 헹궈내지 않아도 괜찮습니다만, 이부분은 사용하시면서 조절해주시면 좋습니다. 두피에 열감이 많으시다면, 추출물을 시원하게 보관 후 활용하셔도 도움되실거에요. 천연원물이라 하더라도 민감도를 보일수 있기 때문에 사용전 패치테스트를 꼭 해주세요. 사용중에라도 궁금하신 부분이 생기면 편하게 메시지 남겨주세요~ 감사합니다:)",,,,,
제품관련,얼굴 외 사용 관련,어성초가 탈모에 좋자나용 두피케어도 가능할까요? 어떤원액을 같이 섞으면 좋을까요 아시면 답변좀 부탁드려요 피부에바르는거면 두피에도 좋을거같아요,"안녕하세요 고객님~ 원씽입니다. 어성초 원물의 특성상 노폐물제거에 도움이 되기때문에 두피케어에 많이 활용하시는데, 원물의 특성이 있으나 피부(두피)컨디션에 따라 도움이 되는 정도가 다를수 있으므로 해당제품은 의약품이 아닌 스킨케어로 활용권장해드리며, 샴푸 후 두피가 깨끗한 상태에서 사용해주셔야 도움이 되실거에요.^^ 1) 미스트 공병에 담아 두피에 뿌려 주시고, 손끝으로 지압을 해주셔도 좋습니다. (헹궈내지 않으셔도 되요 ^^) 2) 샴푸 or 컨디셔너 사용 시, 헹굼시 * 샴푸 or 컨디셔너 에 섞어 사용(사용할때마다 섞는건 번거로울수 있으니 작은 공병에 어성초와 샴푸를 미리 섞어주는게 편하실거에요) * 마지막 헹굼시 헹굼물에 어성초 추출물을 약 10~30%정도 섞어 헹궈주세요. 어성초추출물로 헹굼 후 물로 다시 씻어내지 않으셔도 되요. - 직접 향을 맡을때와 달리 사용후 특이취가 사라지기때문에 별도 헹궈내지 않아도 괜찮습니다만, 이부분은 사용하시면서 조절해주시면 좋습니다. 두피에 열감이 많으시다면, 추출물을 시원하게 보관 후 활용하셔도 도움되실거에요. 천연원물이라 하더라도 민감도를 보일수 있기 때문에 사용전 패치테스트를 꼭 해주세요. ^^ 사용중에라도 궁금하신 부분이 생기면 편하게 메시지 남겨주세요~ 감사합니다:)",,,,,
제품관련,얼굴 외 사용 관련,공병에 담아서 직접적으로 정수리나 두피에 분사해도 될까요?,"안녕하세요 고객님~ 원씽입니다. 주말 잘 보내고 계시죠?? ^^ 두피케어용으로 활용하실 경우 말씀하신 것처럼 공병(되도록이면 분사되는 미스트 공병으로 사용하시면 더 편하실거에요)에 담아 뿌려주시면 되는데.. 샴푸후 사용권장해드리고 있습니다. 냉장보관후 사용하시면 열감을 내리는데 더 도움이 되구요. 조금 더 메모해드리자면.. ** 어성초 활용 (미스트용으로 활용방법) : 샴푸 후 두피에 직접 뿌리기 - 미스트 공병에 담아 두피에 뿌려 주시고, 손끝으로 지압을 해주셔도 좋습니다. (헹궈내지 않으셔도 되요 ^^) 직접 향을 맡을때와 달리 사용후 특이취가 사라지기때문에 별도 헹궈내지 않아도 괜찮습니다만, 이부분은 특이취를 평가하는 정도가 고객님들마다 조금씩 다르기때문에 사용하시면서 선택, 조절해주세요. 천연원물이라 하더라도 민감도를 보일수 있기때문에 패치테스트는 꼭 해주세요. ^^ 궁금하신 부분이 있다면 언제든지 편하게 연락주시구요. 남은 주말 즐겁고 행복한 시간 되세요. 감사합니다 :)",,,,,
제품관련,얼굴 외 사용 관련,어성초랑 히알루론산 구매하려하는데 미스트공병에담아쓰려구요 근데 히알루론산 넣은 어성초를 미스트로 쓸때 어성초는 두피에좋은걸로아는데.히알루론산때문에 걱정되서요 두피에뿌릴때는 어성초단독으로 뿌러주는게.좋겠죠?,안녕하세요 고객님~ 원씽입니다. 주말 잘 보내고 계시죠? ^^ 원물의 특성상 어성초를 두피케어용으로 활용하실 경우 어성초 단독으로 우선 사용해보시길 권장해드립니다. 히알루론산 저분자의 경우에는 대표적인 보습원료로 활용가능하기때문에 처음부터 배합사용하시기보다는 원물의 특성을 최대한 살릴수 있는 단독 사용을 해보시는게 좋을 것 같습니다. 열감을 떨어뜨리기에는 어성초를 시원하게 냉장보관 후 미스트공병에 담아 뿌려주시는것도(샴푸후) 하나의 방법이에요. 제품 혹은 사용에 대해 궁금하신 부분이 있다면 언제라도 편하게 문의해주세요. 남은 주말 즐거운 시간되시구요. 감사합니다 :),,,,,
제품관련,얼굴 외 사용 관련,어성초두피용으로 구입했는데 물과섞는 비율이 어떻게 되나요,"안녕하세요 고객님~ 원씽입니다 ^^ 좋은 아침 시작하셨어요? 두피케어용으로 어성초를 활용하실때에도 단독 혹은 희석사용이 가능하십니다. ** 어성초 활용 1) 샴푸 후 두피에 직접 뿌리기 - 미스트 공병에 담아 두피에 뿌려 주시고, 손끝으로 지압을 해주셔도 좋습니다. (헹궈내지 않으셔도 되요 ^^) 2) 샴푸 or 컨디셔너 사용 시, 헹굼시 * 샴푸 or 컨디셔너 에 섞어 사용(사용할때마다 섞는건 번거로울수 있으니 작은 공병에 어성초와 샴푸를 미리 섞어주는게 편하실거에요) * 마지막 헹굼시 헹굼물에 어성초 추출물을 약 10~30%정도 섞어 헹궈주세요. 어성초추출물헹굼 후 물로 다시 씻어내지 않으셔도 되요. 직접 향을 맡을때와 달리 사용후 특이취가 사라지기때문에 별도 헹궈내지 않아도 괜찮습니다만, 이부분은 사용하시면서 조절해주시면 좋습니다. (사용전 패치테스트 권장) 즐거운 하루 되세요. 감사합니다 :)",,,,,
제품관련,얼굴 외 사용 관련,"두피케어에도 좋다고 하는데 그럼 샴푸시 섞어쓰면 되나요? 아님 헤어에센스 같은데 섞어서 쓰면서 쓰면 되나요? 그리고 트러블피부가 아니라면 어성초는 굳이 안써도 되겠죠? 일반피부에 쓰면 좋은 제품은 인진쑥, 병풀, 어성초 중 추천 좀 해주세요","안녕하세요 고객님~ 원씽입니다. 두피케어용으로 활용하실 경우 다양한 방법이 가능합니다. 1) 샴푸 후 두피에 직접 뿌리기 - 미스트 공병에 담아 두피에 뿌려 주시고, 손끝으로 지압을 해주셔도 좋습니다. (헹궈내지 않으셔도 되요 ^^) 2) 샴푸 or 컨디셔너 사용 시, 헹굼시 * 샴푸 or 컨디셔너 에 섞어 사용(사용할때마다 섞는건 번거로울수 있으니 작은 공병에 어성초와 샴푸를 미리 섞어주는게 편하실거에요) * 마지막 헹굼시 헹굼물에 어성초 추출물을 약 10~30%정도 섞어 헹궈주세요. 어성초추출물로 헹굼 후 물로 다시 씻어내지 않으셔도 되요. 직접 향을 맡을때와 달리 사용후 특이취가 사라지기때문에 별도 헹궈내지 않아도 괜찮습니다만, 이부분은 사용하시면서 조절해주시면 좋습니다. 천연원물이라 하더라도 민감도를 보일수 있기 때문에 사용전 패치테스트를 꼭 해주세요. 각 제품별 원물적인 특성이 다르지만, 전반적으로 피부진정에 도움을 주기때문에 3가지 제품 모두 일반적인 피부에 큰 무리없이 사용가능하십니다 ^^ 관심가지고 문의해주셔서 감사드립니다. 행복한 오후 되세요 ~~ :)",,,,,
제품관련,성분 및 원산지,원재료 원산지 알고싶어요~,"안녕하세요 고객님~ 원씽입니다. 현재, 제품의 특성상 수입을 통해 진행되는 유기농 호호바 오일, 유기농 티트리 오일을 제외하고, 그외 모든 제품은 국내제조로 이루어지고 있습니다. 또한, 카렌듈라 원물의 경우 약용성분이 풍부한 이집트산이므로 참고부탁드리겠습니다. (원씽은 제품 연구 개발에서부터 처방되는 모든 성분의 원산지 등을 사전 체크하여 제조하고있습니다. 상세페이지 및 제품 1, 2차 용기 등도 참고부탁드릴게요) 관심가지고 문의해주셔서 감사드립니다. 건강챙기는 하루 되세요. 감사합니다 :)",,,,,
제품관련,성분 및 원산지,카렌듈라의 원산지가 어디인가요?,"안녕하세요 고객님~ 원씽입니다. 해당제품에 사용되는 카렌듈라 원물의 경우 약용성분이 풍부한 이집트산이므로 참고부탁드리겠습니다. (원씽은 제품 연구 개발에서부터 처방되는 모든 성분의 원산지 등을 사전 체크하여 제조하고있습니다. 상세페이지 및 제품 1, 2차 용기 등도 참고부탁드릴게요) 참고로, 제품의 특성상 수입을 통해 진행되는 유기농 호호바 오일, 유기농 티트리 오일을 제외하고, 그외 모든 제품은 국내제조로 이루어지고 있습니다. 또한, 관심가지고 문의해주셔서 감사드립니다. 건강챙기는 하루 되세요. 감사합니다 :)",,,,,
제품관련,성분 및 원산지,원산지가 국내어디껀가요?,안녕하세요. 고객님~ 원씽입니다. 원산지는 국내 충북 제천입니다. 다른 궁금하신 부분이 있다면 언제든 편하게 문의 남겨주세요. 감사합니다. :),,,,,
제품관련,취급방법 및 효과,팩을 하게 되면 오랫동안 지속적으로 하면 착색되지 않을까요?,"안녕하세요 고객님 원씽입니다. ^^ 인진쑥 추출물을 활용하여 팩을 자주, 지속적으로 할 경우 착색에 대한 문의를 주셨는데, 염색을 위한 염료가 아닌 화장품제조에 사용되는 화장품 원료이므로 그리고, 원물자체만을 압축하거나 직접가공하여 피부에 닿게 하는게 아니라서 착색에대한 염려는 하지 않으셔도 됩니다. 오히려 꾸준한 관리가 스킨케어에 더 도움을 드릴거에요. 관심가지고 문의해주셔서 감사드립니다. 궁금하신 부분은 언제든지 편하게 연락주세요. 남은 오후도 따뜻한 시간되세요 :)",,,,,
제품관련,취급방법 및 효과,랄라블라에서 파는 제품과 온라인에서 파는 제품의 색상이 다른 이유가 뭔가요? 요번에 온라인에서 구매했는데 색이 훨씬 진하고 노랗네요. 이유가 뭔가요??,"안녕하세요 고객님~ 원씽입니다. 주말 잘 보내셨어요?? 우선, 원씽의 전제품은 제품별 규격에 맞춰 일률적으로 생산하고, 본사 사이트, 위탁업체, 오프라인이나 국가등을 구분지어 제품을 별도 생산하지 않으며, 사용기한을 기준으로 모두 순차적인 출고가 이루어지고 있습니다. 최대한 규격서에 맞춰 생산하고 있으나, 추출물의 경우, 카렌듈라 뿐만 아니라 원물을 직접 사용해(천연원물 직접 사용) 제조한 제품이라서, 추출물 제조일, 사용된 원물의 생산/재배 일자/계절, 원물 건조 컨디션 등에 따라 색상뿐만 아니라 향취도 조금은 달라질 수 있습니다. 특히, 저온장기숙성의 추출법으로 제조되는 카렌듈라, 청귤, 브로콜리, 비피다, 프로폴리스+꿀, 녹차, 율무 추출물의 경우 숙성하는 과정에서 약간의 색상차이는 있지만, 최종적으로 규격서 기준에 적합한 제품만을 출고하고 있으므로 참고부탁드리며, 패치테스트 후 피부컨디션에 맞춰 맞춤 사용해주시구요 ^^ 혹시라도 사용중에 궁금한 부분이 생기신다면 언제든지 편하게 메시지 남겨주세요. (신속한 회신을 위해 본사 070-7517-9980 로 연락주셔도 좋습니다.) 감사합니다",,,,,
제품관련,취급방법 및 효과,스킨처럼 쓰고 있는데 화사해진것같고 좋아요ㅎㅎ 근데 설명서에 적힌 팩 사용량이 어떻게될까요?,"안녕하세요 고객님~ 원씽입니다. 구매하신 제품에 만족하셨다니 저희도 정말 기뻐요.^^ 사용하면서 불편하신 부분은 없으셨어요?? 팩으로 활용할 경우에는 화장솜, 거즈, 화장패드 등에 추출물을 충분히 적셔 (너무 많이 적시게 되면 얼굴에 붙인뒤 추출물이 흘러내리게 되더라구요) 얼굴, 목 혹은 케어가 필요한 부분에 10~20분정도 붙여주시면 좋습니다. 꾸준한 관리를 해주시면 스킨케어에 많은 도움이 되실거에요. 원씽제품에 관심가져주셔서 감사드립니다. 따뜻한 주말 보내세요~~ :)",,,,,
제품관련,취급방법 및 효과,스킨처럼 쓰고 있는데 화사해진것같고 좋아요ㅎㅎ 근데 설명서에 적힌 팩 사용량이 어떻게될까요?,"안녕하세요 고객님~ 원씽입니다. 구매하신 제품에 만족하셨다니 저희도 정말 기뻐요.^^ 사용하면서 불편하신 부분은 없으셨어요?? 팩으로 활용할 경우에는 화장솜, 거즈, 화장패드 등에 추출물을 충분히 적셔 (너무 많이 적시게 되면 얼굴에 붙인뒤 추출물이 흘러내리게 되더라구요) 얼굴, 목 혹은 케어가 필요한 부분에 10~20분정도 붙여주시면 좋습니다. 꾸준한 관리를 해주시면 스킨케어에 많은 도움이 되실거에요. 원씽제품에 관심가져주셔서 감사드립니다. 따뜻한 주말 보내세요~~ :)",,,,,
제품관련,취급방법 및 효과,받자마자 개봉했는데 쉰냄새같은게 나는데요 너무심해요,"안녕하세요 고객님~ 원씽입니다. 제품은 잘 받으셨어요? 인진쑥 추출물 뿐만 아니라 원물을 사용하여 추출한 제품들 모두 각기 특이취가 있습니다. 원씽 추출물의 경우 원물이 함량이 높은 편이라 특이취가 좀더 강하게 느껴질수도 있구요. 이러한 특이취가 거부감이 들수도 있고, 오히려 인공적이지 않은 자연원물의 향이라고 좋아하시는 분들도 계시답니다. 패키지 하단에 제조일자가 적혀있다시피 3월중에 제조한 제품으로, 동일한 제품의 향을 다르게 느끼는 경우가 아닌가 생각되구요. 원물의 특성을 고려해 구매하셨는데, 향이 마음에 들지 않으실 경우엔 기존 화장품에 배합하여 사용해드리길 추천해드리고 있습니다. 스킨, 로션, 크림 등에 적게는 5%~ 많게는 20% 정도 (배합시 제형을 체크해주세요) 넣어서 사용해보시면 어떨까요?? 처음엔 소량을 배합해주시고, DIY 특성상 사용감을 보시면서 배합량을 늘려주세요. 향까지 고객님마음에 들었으면 좋았을텐데, 이부분은 조금 아쉽습니다만 제품의 한 특성으로 봐주셨으면 좋겠습니다. 배합하시면서 궁금한 부분이 있다면 언제든지 연락주세요. 따뜻한 저녁시간 되시구요. 관심가지고 구매해주셔서 정말 감사드립니다 :)",,,,,
제품관련,취급방법 및 효과,지난 번 택배로 받고 받자마자 냉장보관 했다가 오늘 처음 사용했는데 음식물 상한 냄새가 나던데 원래 어성초 향이 그런건가요?,"안녕하세요 고객님~ 원씽입니다 ^^ 제품의 특이취로 불편함이 생겨 문의글 남겨주셨는데요. 함께 구매한 다른 제품은 사용하기 괜찮으셨어요?? 계절적으로 그리고, 전성분에 표기한데로, 천연보존제 역할을 해주는 성분이 첨가되어있기때문에 변질될확률은 없구요. 아마도, 특이취때문에 불편하신게 아닌가 생각됩니다. 어성초 추출물 뿐만 아니라 천연원물을 사용하여 제조된 제품에는 모두 각기 특이취가 존재하거든요. 또한, 고객님들마다 특이취를 좋아하시는 분들도 계시고, 솔직히 냄새만큼은 꺼려하시는분들도 계세요.^^; 특이취를 인공적이지 않은 자연원물의 향으로 표현해주시는 분들도 계시는 반면, 예상했던 향이 아니라 불편해 하시는 분들도 계시거든요. 원씽 추출물의 경우 원물이 함량이 높은 편이라 특이취가 좀더 강하게 느껴질수도 있는데, 그나마 다행인건 천연원물의 향이기때문에 잔향이 오래남지않아 뿌리고 바르는 당시의 향취만 감안해주신다면 괜찮지만, 혹여 너무 힘드실경우에는 기존 사용제품과의 배합, 첨가사용을 권해드립니다. 스킨, 로션, 크림 등에 적게는 5%~ 많게는 20% 정도 (배합시 제형을 체크해주세요) 넣어서 사용해보시면 어떨까요?? 처음엔 소량을 배합해주시고, DIY 특성상 사용감을 보시면서 배합량을 늘려주세요. 예를들어... 기존 스킨or미스트 90% + 원씽추출물 10% --> 사용감이 괜찮으시다면 추출물의 배합률을 조금씩 늘려주시면서 사용해주시는 방법은 추천해드리고 있습니다. 향까지 고객님마음에 들었으면 좋았을텐데, 이부분은 조금 아쉽습니다만 제품의 한 특성으로 봐주셨으면 좋겠습니다. 혹시, 향 외에 다른 불편한 부분은 없으셨어요?? 궁금하신 부분이 있다면 언제든지 연락주시구요. 맞춤 사용하실수 있도록 안내도와드리겠습니다. 오늘 하루도 행복하고 따뜻한 시간되세요. 감사합니다.",,,,,
배송,알반문의,"아래에 어떤분께서도 언급하셨던 내용입니다만, 원래 향이 간장, 액젓 냄새가 나는게 맞나요? 부패한거 아니죠? 냄새때문에 좀 당황스러워서요. 세수 다하고 얼굴에 음식바르는 것 같아서 기분이 묘하네요. 전날 숙취로 고생하고 있었는데 냄새맡고 울렁거려서 토했어요;","안녕하세요 고객님~ 원씽입니다. 주말 잘 보내고 계시죠?? 제품의 특이취로 불편함이 생겨 문의글 남겨주셨는데요.ㅠㅠ 천연원물을 사용하여 제조된 제품에는 각기 특이취가 존재합니다. 또한, 고객님들마다 특이취를 받아들이는 정도가 조금씩 다르구요. 저희 제품도 마찬가지로 느껴지시는 향취가 각각 다를거라고 생각합니다. 좋아하시는 분들도 계시고, 솔직히 냄새만큼은 꺼려하시는분들도 계세요.^^; 특이취를 자연의 향으로 표현해주시는 분들도 계시는 반면, 예상했던 향이 아니라 불편해 하시는 분들도 계시구요. 전제품의 향까지 고객님마음에 들었으면 좋았을텐데, 이부분은 많이 아쉽습니다. ㅠㅠ 그나마 다행인건 천연원물의 향이기때문에 잔향이 오래남지않아 뿌리고 바르는 당시의 향취만 감안해주신다면 괜찮지만, 혹여 너무 힘드실경우에는 기존 사용제품과의 배합,첨가사용을 권해드립니다. 예를들어... 기존 스킨or미스트 90% + 원씽추출물 10% --> 사용감이 괜찮으시다면 추출물의 배합률을 조금씩 늘려주시면서 사용해주시는 방법은 추천해드리고 있습니다. 원씽 추출물의 경우 원물의 함량이 조금 높은 편이랑 특이취가 더 강할수있는데, 혹시, 향 외에 다른 불편한 부분은 없으셨어요?? 궁금하신 부분이 있다면 언제든지 연락주시구요. 각 제품은 꼭 패치테스트를 해주신 뒤 사용해주세요. 혹시 배합사용으로도 만족스럽지 않으시다면 좀더 빠른 회신을 위해 톡톡메시지 혹은 고객센터(070-7517-9980)로 연락부탁드리겠습니다. 남은 주말 잘 보내시구요~~ 감사합니다 :)",,,,,
배송,알반문의,오늘도 배송되나요??,안녕하세요 고객님~ 원씽입니다. 따뜻한 하루 보내고 계시죠??? 저희는 오늘도 정상적으로 출고작업되고 있습니다 ^^ 관심가지고 주문해주셔서 감사드립니다. 꼼꼼히 포장해서 출고하겠습니다. 수령과정속에서 혹은 제품 사용중 궁금하신 부분이 있다면 언제든지 바로 연락부탁드리겠습니다. 감사합니다 :),,,,,
배송,알반문의,3.14일에 구매했는데 택배가 이동을 안하네요..언제 받을 수 있는 건가요?,"안녕하세요 고객님, 원씽입니다~ 고객님의 제품 3/15 발송처리 도와드렸으나 택배사 측 지연 등으로 인하여 내일 중 배송될 예정으로 확인되십니다. 배송 지연으로 불편드려 죄송하다는 말씀 드리며 조금만 더 기다려주시면 감사하겠습니다. 감사합니다 : )",,,,,
배송,알반문의,언제쯤 도착하나요 ??,안녕하세요. 고객님~ 원씽입니다. 연휴로 인하여 금일 출고 처리 도와드렸습니다. 자세한 송장 움직임은 늦은 저녁에 확인 가능하오니 참고 부탁드립니다. 다른 궁금하신 부분이 있다면 언제든 편하게 문의 남겨주세요. 감사합니다. :),,,,,
배송,오배송,"오늘 인진쑥 대용량 받아보았는데요. 다른제품을은 고무 마개가 왔는데, 인진쑥만 안들어있네요?..","안녕하세요 고객님~ 원씽입니다. 제품은 잘 받으셨어요?? 제품일자별로 속캡이 바로 장착되어있는것도 있고, 속캡을 OPP봉투에 넣어 패키지안에 동봉한 제품들도 있습니다. 직접 사용하시는 경우라면 검정색 뚜껑을 열어보시거나, 혹은 선물용이라면 패키지 하단에 제조일자가 3월 15일 이전제품이 아닌데도 패키지 안에 OPP봉투가 없다면 저희가 누락시킨거에요. ㅠㅠ 확인 후 연락주시는대로 누락된(수작업이라서 간혹 이런 실수가 있습니다.ㅠㅠ) 속캡은 다시 보내드리겠습니다. 주문하고 많이 기다리셨을텐데, 불편함 드려서 정말 죄송합니다. 최대한 빨리 처리할수 있도록 연락부탁드릴게요. 감사합니다",,,,,
배송,오배송,물건 받았는데 4가지 상품중 하나만 빼고 전부 박스 스티커가 뜯어져 있어요 ;; 반품된 물건이 온건가요?,"안녕하세요 고객님~ 원씽입니다. 제품 패키지 상단에 붙이고 있는 스티커는 제품 제조일자인데, 출고 초반에는 패키지 밑면(바닥)에 붙이다보니 고객님들께서 확인을 간혹 놓치지는 것 같아 상단으로 위치를 변경했습니다. 스티커가 코팅을 하지않은 종이재질이라서 에어캡으로 단단히 포장함에도 불구하고 배송도중 택배박스에 압력이 가해진다거나 패키지끼리 붙어있다보면 상단의 스티커가 간혹 찢어지는 경우가 발생하더라구요. 포장 후 택배포장시 검수를 통해 출고가 되고있지만, 이동중에 생긴 경우라 그렇잖아도 이부분 보완할수 있도록 저희가 고민중입니다. 또한, 원씽은 반품된 제품을 재출고 하지 않습니다. 출고 후 본사로 되돌아 오는 기간이 짧게는 2~3일, 길게는 5일 이상 걸리기때문에 그사이 온도변화를 정확히 알수 없으므로 반품제품은 재출고 하지않는것이 원씽의 방침입니다. 의견 주신 박스상단의 제조일자스티커는 최대한 빠르게 보완하겠습니다. 잔뜩기대하고 제품을 기다리고 받으셨을텐데, 아쉬움을 드려 죄송합니다. ㅠㅠ 조금 더 신경써서 배송되도록 최선을 다하겠습니다. 따뜻한 밤 되세요~~ 감사합니다 :)",,,,,
배송,일반문의,일단 배송 확인 감사해요 도움 주시려 하는데 너무 예민하게 적었던거 같아요 도움 잘 받았습니다 응대 처리 덕분에기분 나아 졌어요 그냥 쓸게요 ,"안녕하세요 고객님, 원씽입니다. 제품 기다려주셔서 감사드리며 추후 더 나은 서비스로 찾아뵐 수 있도록 하겠습니다. 새롭게 시작되는 한 주 좋은 하루 되시길 바라겠습니다. 감사합니다 : )",,,,,
배송,알반문의,음.. 제가월요일 저녁에 주문을 했는데 화요일날부터 배송을 시작했다고해도 너무 늦어서요 낼취소해버릴까싶은데 도착하기전에....낼도착안하면 그냥 반품 처리해주세여 20분 거리를 하루 걸리고 이틀 걸리고 그냥 제가 연차내고 가지러 갈까 생각했어요 ..낼도착 좀 했음 좋겠네여,"안녕하세요 고객님~ 원씽입니다. 문의글 남겨주신 ID로는 1월경 구매하신것으로 체크가 되는데, 혹시 다른 ID 로 구매해주신걸까요?? 평일기준 오후 2시까지 취합된 주문건은 당일출고를 하고 있기때문에, 평균 1-3일이내 배송이 완료되는 부분 참고부탁드리구요. 구매해주신 ID로 문의글 남겨주시거나, 톡톡메시지로 연락주시면 확인하는대로 신속한 안내도와드리겠습니다. 감사합니다 :)",,,,,
제품관련,특정 사용 대상,주문 후 오늘 받았는데요. 어성초150 병풀300ml 시킨다는걸 둘다 어성초로 주문해버렸네요. 어성처300ml 병풀로 교환하면 교환배송비 따로드나요ㅜㅜ?,"안녕하세요 고객님~ 원씽입니다. 제품은 잘 받으셨어요??? 간혹, 계획하셨던 주문과 다르게 결제를 하게 되어 난감하실텐데.. 이런경우 언제든지 교환이 가능하지만, 왕복 배송비가 별도 부과되는점 양해부탁드립니다. 번거로우시더라도 고객센터(070-7517-9980)로 연락주시면 신속한 처리될수 있도록 안내해드리겠습니다. 무더운 여름 건강챙기는 하루 되시구요~ 편하신 시간에 꼭 연락주세요. 감사합니다 :)",,,,,
제품관련,특정 사용 대상,병풀+호호바오일 섞어서 미스트로 뿌리는데 왜 아리고 따가울까요? 턱이나 볼쪽에 특히 그런데 한참 지나고 나면 또 괜찮아져요. 혹시 안맞는 것인가요?,"안녕하세요 고객님~ 원씽입니다. 원씽의 모든 추출물은 EWG그린등급의 피부무자극 테스트가 완료된 제품으로 패치테스트후 민감도가 없다면 단독,첨가,배합 사용이 가능합니다. 유기농 호호바 오일도 화학첨가물없는 100%식물성오일로 임산부나 아기도 사용이 가능합니다. 그렇더라도 고객님들에 따라 원물에 대한 민감도를 나타낼 수 있으므로 바른 안내를 위해 몇가지 체크 부탁드려도 될까요? 1. 패치테스트 유무 2. 활용 및 사용방법 1) 패치테스트 후 바로 사용하셨는지.. 국소적 사용감 체크후 사용하셨는지... 2) 단독 사용하신건지.. 다른 제품에 첨가해서 사용하셨는지... ewg 그린등급으로 사용연령에 제한이 없지만, 피부컨디션에 따라 민감도 및 사용 활용 방법이 달라질수 있습니다. 1. 성분 자체에 대한 민감도 - 사용을 권장하지 않습니다. 2. 함량에 대한 민감도 - 단독 사용이 아닌 희석 첨가 사용이 가능합니다. 3. 활용에 따른 민감도 - 스킨, 토너, 미스트로의 활용에는 불편함이 없으나, 패드/팩활용시 사용에 불편하신 경우가 있습니다. 이럴경우 맞춤 사용을 위해 팩/패드활용보다는 미스트, 스킨 등으로의 활용 권장합니다. 맞춤 사용될수 있도록 안내도와드리고 있으니까 조금 번거로우시더라도 체크 부탁드리며, 빠른 회신을 위해 톡톡메세지나 고객센터 070-7517-9980 으로 연락주셔도 좋습니다. 감사합니다 :)",,,,,
제품관련,특정 사용 대상,여기 병풀원액으로 바꿔본건데 따갑네요 냄새도 좀나고... 원래이런건가요?,"안녕하세요 고객님~ 원씽입니다. 원씽의 모든 추출물은 ewg그린등급으로 피부무자극 테스트가 완료되어 패치테스트후 민감도가 없을 경우 단독 사용이 가능합니다. ( 성분 확인 및 패치테스트 후 민감도가 없다면 단독 사용(스킨이나 토너로의 활용)이 가능하며, 첨가,배합 활용도 괜찮습니다. ) 무엇보다 기대하는 마음으로 제품 구매해주셨는데, 사용에 있어 불편함을 갖게 되신것 같아 너무 아쉽고 속상한마음이 큽니다. 우선.. 바른 안내를 위해 몇가지 체크 부탁드려도 될까요?? 1. 패치테스트 유무 2. 활용 및 사용방법 1) 패치테스트 후 바로 사용하셨는지.. 국소적 사용감 체크후 사용하셨는지... 2) 단독 사용하신건지.. 다른 제품에 첨가해서 사용하셨는지... ewg 그린등급으로 사용연령에 제한이 없지만, 피부컨디션에 따라 민감도 및 사용 활용 방법이 달라질수 있습니다. 1. 성분 자체에 대한 민감도 - 사용을 권장하지 않습니다. 2. 함량에 대한 민감도 - 단독 사용이 아닌 희석 첨가 사용이 가능합니다. 3. 활용에 따른 민감도 - 스킨, 토너, 미스트로의 활용에는 불편함이 없으나, 패드/팩활용시 사용에 불편하신 경우가 있습니다. 이럴경우 맞춤 사용을 위해 팩/패드활용보다는 미스트, 스킨 등으로의 활용 권장합니다. 맞춤 사용될수 있도록 안내도와드리고 있으니까 조금 번거로우시더라도 체크 부탁드리며, 계속 불편하실 경우 빠른 회신을 위해 톡톡메세지나 고객센터 070-7517-9980 으로 연락주셔도 좋습니다. 감사합니다 :)",,,,,
제품관련,특정 사용 대상,병풀. 어성초. 인진쑥. 히알루론산도 한통씩 다 사용해보고 이번에 카렌듈라가 새로 나왔길래 랄라블라에서 구매해서 두번 사용했는데 피부가 다 뒤집혔어요. 열이나고 울긋불긋해지면서 두드러기가 나더라구요. 다른곳의 카렌듈라도 사용해 봤기때문에 알러지 이런건 아닌거 같은데 이게 무슨일이죠,"안녕하세요 고객님~ 원씽입니다. 무엇보다 기대하는 마음으로 제품 구매해주셨는데, 사용에 있어 불편함을 갖게 되신것 같아 너무 아쉽고 속상한마음이 큽니다. ㅠㅠ 기존 제품들 잘 사용해 주셨는데 안타깝습니다... 전성분 ewg그린등급의 피부무자극 테스트가 완료된 제품이지만 피부컨디션에 따라 민감도를 보일 수 있습니다. 우선.. 바른 안내를 위해 몇가지 체크 부탁드려도 될까요?? 1. 패치테스트 유무 2. 활용 및 사용방법 1) 패치테스트 후 바로 사용하셨는지.. 국소적 사용감 체크후 사용하셨는지... 2) 단독 사용하신건지.. 다른 제품에 첨가해서 사용하셨는지... ewg 그린등급으로 사용연령에 제한이 없지만, 피부컨디션에 따라 민감도 및 사용 활용 방법이 달라질수 있습니다. 1. 성분 자체에 대한 민감도 - 사용을 권장하지 않습니다. 2. 함량에 대한 민감도 - 단독 사용이 아닌 희석 첨가 사용이 가능합니다. 3. 활용에 따른 민감도 - 스킨, 토너, 미스트로의 활용에는 불편함이 없으나, 패드/팩활용시 사용에 불편하신 경우가 있습니다. 이럴경우 맞춤 사용을 위해 팩/패드활용보다는 미스트, 스킨 등으로의 활용 권장합니다. 맞춤 사용될수 있도록 안내도와드리고 있으니까 조금 번거로우시더라도 체크 부탁드리며, 빠른 회신을 위해 고객센터 070-7517-9980 으로 연락주셔도 좋습니다. 감사합니다 :)",,,,,
제품관련,특정 사용 대상,원띵 전제품 임산부도 사용해도되나요?,"안녕하세요 고객님~ 원씽입니다. 임산부의 경우 민감도가 높아져있는 시기이기 때문에 어떤 제품을 고르더라도 정말 신중해지시리라 생각됩니다. 현재, 원씽 전제품은 ewg 그린등급만으로 제조되어 사용이 가능하지만, 티트리오일 한 제품은 자극성이 강해 임산부의 사용을 권해 드리지 않습니다. 티트리 오일을 제외한 모든제품은 사용이 가능하지만 혹시모를 민감도를 고려해 사전 패치테스트는 신경써서 해주시기를 권장하고 있구요. 무엇보다 기존에 민감도를 보인 성분이 있었는지(천연원물 or 그외 성분들), 임산부에게 주의를 요하는 화장품 성분을 꼼꼼히 체크해주시길 권장해드립니다. * 제품 전성분 - 상세페이지 참고 참고로, 임산부들이 대표적으로 체크하고있는 파라벤, 포름알데히드, 레티놀, 이소플라본, 살리실산, 페녹시에탄올 등은 전성분에서 체크되는 바와 같이 첨가되어 있지않으며, 원씽 모이스처 플러스 크림의 경우 첨가된 오일도 인공향료가 아닌 천연에센셜 향(베르가못오일)이 소량 첨가되었습니다. 패치테스트, 기존 민감도 등을 종합적으로 봤을때 부작용이 없다면 사용하셔도 괜찮지만, 중요한 시기인만큼 더 신중히 답변드리고 있기때문에 혹시라도 궁금하거나 불편하신 부분이 조금이라도 있다면 언제든지 연락주세요. 관심가지고 문의해주셔서 감사드립니다.",,,,,
제품관련,특정 사용 대상,유아가 써도 되나요? 얼굴에 트러블이 생겨서요,"안녕하세요 고객님~ 원씽입니다. 주말 잘 보내고 계시죠? ^^ 관심가지고 문의해주셔서 감사드립니다. 원씽 제품은 ewg1등급의 원료만으로 제조되었지만(제조시 사용된 성분 모두 공개) 피부가 여리고, 민감한 그리고 피부면역력 등이 자리잡히지 않은 유아에게는 사용을 권해드리지 않습니다. 추후, 사용가능한 연령이 되어도 민감도가 높은 시기일 경우에는 제품 사용시에도 조금 더 신중히 패치테스트를 권장하고 있으며, 사용방법에 있어서도 별도 안내해드리고 있습니다. 안전을 더 필요로하는 시기인만큼 신중한 선택이 되어야하므로 작은 부분 하나라도 궁금하신 부분이 있으시다면 언제든지 편하게 연락주세요. 주말연휴 즐겁고 행복한 시간 되시구요~~ 감사합니다 :)",,,,,
제품관련,특정 사용 대상,임산부 사용 가능한가요?,"안녕하세요 고객님~ 원씽입니다. 임산부의 경우 민감도가 높아져있는 시기이기때문에 어떤 제품을 고르더라도 정말 신중해지시리라 생각됩니다. 원씽 인진쑥 추출물의 경우에는 ewg1등급의 성분만으로 제조되어있지만, 혹시모를 민감도를 고려해 사전 패치테스트는 신경써서 해주시기를 권장하고 있구요. 기존에 민감도를 보인 성분이 있었는지(천연원물 or 그외 성분들) 전성분을 살펴보시길 추천하고 있습니다. (인진쑥 추출물, 1,2-헥산디올, 프로판디올) 패치테스트, 기존 민감도 등을 종합적으로 봤을때 부작용이 없다면 사용하셔도 괜찮습니다 ^^ 중요한 시기인만큼 저희도 조금 더 신중히 답변드리고 있는데, 혹시라도 궁금하거나 불편하신 부분이 조금이라도 있다면 언제든지 연락주세요. 관심가지고 문의해주셔서 감사드립니다. 건강챙기시는 하루 되세요 :)",,,,,
제품관련,특정 사용 대상,32개월된 아기 아ㅌ 피 피부라서 자면서도.긁고 접히는부분 가려워하는데 요제품 로션에 섞어 발라줘도 될까요 아님 섞지안고 그냥발라도 되는지요 요것만 바르게 될경우 건조하지안나요,"안녕하세요 고객님~ 원씽입니다. 원씽 제품은 천연원물을 사용하고, ewg그린등급의 안전한 원료만으로 처방되어있는 제품이므로, 전성분을 고려해 32개월 아이의 경우에도 사용이 가능합니다. (단, 민감한 그리고 피부면역력 등이 자리잡히지 않은 24개월 이하 유아에게는 사용을 권해드리지 않습니다.) 다만, 천연원물만으로 추출한 제품이라 대부분 자극이 적다할지라도, 원물에 대한 민감도를 나타낼수 있기때문에 반드시 패치테스트를 해주셔야 합니다. 또한, 아이가 평소 사용하던 로션, 크림 중 무난하게 사용했던 제품, 혹은 아이에게 맞지않았던 제품의 전성분 체크가 가능하시다면 추후 제품 선택시 도움이 되더라구요. 원물의 특성상 병풀추출물은 피부진정에 (트러블,민감성 피부도 사용가능) 도움이 되지만,, 아*피성 피부는 특정원인 뿐만 아니라 찾아내기가 쉽지않은 여러가지 원인이 동반되어 나타나는 대표적인 피부질환이기 때문에 증상에 따라 추출물사용이 진정케어로의 도움되는 정도의 차이가 클수 있습니다. 따라서 해당제품은 의약품이 아닌 스킨케어로의 활용을 권장해 드립니다. 사용전 반드시 패치테스트를 해주신 후, 아이에게 평소 잘 맞았던 로션등에 소량 첨가해 발라봐 주신후 , 민감도가 없다면 양을 늘려주세요. 더불어 건조하다고 생각되실땐 보습에 도움이 되는 유기농 호호바 오일을 평소 사용하시던 아이의 바디로션등에 소량(점차적으로 첨가량 늘려주시구요) 첨가해주시면 보습케어에 도움이 될 수 있구요, 안전을 더 필요로하는 시기인만큼 신중한 선택이 되어야하므로 작은 부분 하나라도 궁금하신 부분이 있으시다면 언제든지 편하게 연락주세요. 편안한 하루 되세요 감사합니다:)",,,,,
제품관련,특정 사용 대상,초등학생 5학년 여아. 사용 할 수 있나요?? 이거랑 병풀 수딩 크림도 구매해서 사용할까 하는데요.. ,"안녕하세요 고객님~ 원씽입니다. 해당제품은 ewg그린등급만으로 처방되었고, 비건인증 및 피부저자극테스트, 피부진정임상실험이 완료되었습니다. 따라서, 패치테스트 후 민감도가 없을 경우 사용연령, 방법에 크게 제한없이 사용가능하며, 자녀분께도 패치테스트 후 맞춤케어가능합니다. (병풀수딩크림도 사용가능) 사용중에라도 궁금하신 부분이 있다면 언제든 메시지 남겨주세요. 감사합니다 :)",,,,,
제품관련,특정 사용 대상,안녕하세요 원씽 이 제품 사용 가능 연력대 어떻게 돼요? 18세 이하 청소년도 사용 가능할까요?,"안녕하세요. 고객님~ 원씽입니다. 네~ 고객님, 인진쑥 추출물의 경우 ewg그린등급으로 18세 이하 청소년도 사용 가능합니다. 다만, 천연 원물만으로 추출한 제품이라 대부분 자극이 적다 할지라도, 원물에 대한 민감도를 나타낼수 있기 때문에 사용 전에 반드시 패치테스트를 해주셔야 합니다. 또한, 피부면역력 등이 자리잡히지 않은 24개월 미만 영유아에게는 사용을 권해드리지 않습니다. 다른 궁금하신 부분이 있다면 언제든 편하게 문의 남겨주세요. 감사합니다. :)",,,,,
제품관련,특정 사용 대상,5세 아이예요 피부가 건조해서 사용해보고 싶은데 현재 사용하는 로션이랑 섞어서 발라줘도 되나요?? 식용도 가능한가요 ?,"안녕하세요 고객님~ 원씽입니다. 주말 잘 보내셨어요?? ^^ 원씽 어성초 추출물의 경우 민감도가 적은 성분인 ewg 그린등급만으로 제조되었지만, 사용전 꼭 패치테스트 해주시구요(아이가 스트레트 받지 않도록 체크해주세요 ^^) 다만, 5살이라 하더라도 민감한 아기 피부이기때문에 단독 사용보다는 말씀하신것처럼 기존에 사용중인 베이비제품에 첨가해서 활용해주시길 권장해드려요. 처음엔 베이비 크림이나 베이비 로션에 소량... 사용감이 괜찮다면 로션 및 크림의 제형을 보면서 어성초 추출물 첨가량 조금더 늘려주셔도 괜찮습니다. 그리고, 해당 제품은 식용이 아닌 DIY 화장품만으로 사용이 가능합니다 ^^ 안전을 더 필요로하는 시기인만큼 신중한 선택이 되어야하므로 작은 부분 하나라도 궁금하신 부분이 있으시다면 언제든지 편하게 연락주세요. 감사합니다 :)",,,,,
행사,헐인,배송비 쿠폰이라니 참 치사한 회사네요 무료배송은 물건가격에서 할인 혜택을 주어야지 한번 구매해서 사용해 보려니 기분 팍 상하네요 첫구매 찜했던 회사 중 이런 회사 처음이네요,"안녕하세요 고객님, 원씽입니다~ 배송비 쿠폰의 경우 기본 배송비 조건인 3,000원을 할인해드리는 금액으로 단일 상품 할인 금액보다 큰 금액으로 제공해드리고 있습니다. 추후 더 좋은 혜택으로 찾아뵐 수 있도록 하겠습니다. 감사합니다.",,,,,
행사,할인,쿠폰이 왜 적용이 안되나요 쿠폰 적용칸이 아예 없어요,"안녕하세요 고객님, 원씽입니다~ 모든 쿠폰의 경우 결제 단계에서 적용 및 사용이 가능합니다. 쿠폰 발급 및 쿠폰 적용 상품이 맞는지 확인 부탁드리겠습니다. 감사합니다 : )",,,,,
행사,할인,"쿠폰을 다운받았는데 어성초, 병풍, 호호바 이렇게 구매하려보니 쿠폰 적용하는게 없어요.. 쿠폰목록에서 선택하니 카렌듈라에만 쓸수있도록 보여지는데 어떻게된건지...다른데는 1천원할인 적용이 안되는건가요?","안녕하세요 고객님~ 원씽입니다. 쿠폰은 원씽에서도 정기, 비정기적으로 발행해드리지만, 네이버에서 고객님들께 특별히 제공해드리는 쿠폰 등등 다양한 혜택을 받을수 있도록 발행되고 있습니다. 결제시 직접 선택 혹은 자동 적용이 되는 경우도 있는데, 적용이 안되는 경우라면 해당이 되지않거나 다른 쿠폰 적용이 된 경우 일것 같아요. 메모해주신 내용으로만 봐선 카렌듈라 추출물 제품에 제한적으로 선택이 가능한 쿠폰일 것 같지만, 아무래도 다양한 경우의 수가 있어서 정확한 답변이 조금 어려운 점 양해부탁드리겠습니다. 다른 궁금하신 부분이 있다면 언제든지 편하게 메시지 남겨주시구요. 따뜻한 하루 되세요. 감사합니다 :)",,,,,
제품관련,취급방법 및 효과,공병 같이시켰는데 안왔어요,"안녕하세요. 고객님~ 원씽입니다. 번거롭게 해드려 죄송하지만, 상품문의로는 정확한 정보 파악이 어려워 톡톡메세지로 연락 부탁드려도 될까요~",,,,,
제품관련,취급방법 및 효과,공병을 주문했어요~ 세척하지 않고 그냥 사용해도 될까요,"안녕하세요 고객님~ 원씽입니다. 상세페이지에 간단하게 표기해드렸지만, 내부에 혹시 모를 먼지 등 제품 사용에 불편함이 있을 수 있어 세척 혹은 소독을 권장해드리고 있습니다. 세제없이 물로 깨끗하게 세척 해주시거나, 조금 더 신경이 쓰이실 경우에는 약국에서 판매하는 소독용알콜로 내부를 소독해주시면 됩니다. (물로세척후 알콜로 헹궈내주세요) 세척 or 소독 후 내부는 잘 말려주신 뒤 사용해 주세요~^^ (용기는 화장품용 플라스틱 이므로 열탕소독은 불가합니다.) 다른 궁금하신 부분 있다면 언제든 메세지 남겨주세요~ 감사합니다:)",,,,,
